Date_Time,Open,High,Low,Close
2017-07-17 09:14:00,24011.4,24064.7,23914.4,24015.7
2017-07-18 09:14:00,23958.15,24143.75,23958.15,24012.05
2017-07-19 09:14:00,24069.2,24175.8,24069.2,24160.6
2017-07-20 09:14:00,24170.65,24294.8,24170.65,24222.45
2017-07-21 09:14:00,24231.4,24282.0,24074.3,24280.65
2017-07-24 09:14:00,24307.7,24454.85,24240.6,24422.7
2017-07-25 09:14:00,24622.9,24622.9,24471.35,24515.8
2017-07-26 09:14:00,24578.15,24711.3,24492.6,24680.1
2017-07-27 09:14:00,24857.5,25025.9,24828.75,24913.75
2017-07-28 09:14:00,24744.55,24853.6,24659.55,24806.9
2017-07-31 09:14:00,24880.6,25114.3,24846.55,25091.55
2017-08-01 09:14:00,25152.85,25171.1,25005.6,25151.85
2017-08-02 09:14:00,25190.4,25190.4,24949.3,24956.45
2017-08-03 09:14:00,25002.85,25002.85,24630.15,24642.35
2017-08-04 09:14:00,24629.5,24875.6,24599.15,24823.95
2017-08-07 09:14:00,24854.15,24974.05,24854.15,24897.4
2017-08-08 09:14:00,24942.2,24953.05,24538.85,24598.55
2017-08-09 09:14:00,24519.25,24530.8,24335.6,24356.85
2017-08-10 09:14:00,24300.45,24313.75,24103.6,24276.7
2017-08-11 09:14:00,23958.25,24189.55,23885.35,23977.7
2017-08-14 09:14:00,24051.05,24207.1,24051.05,24100.8
2017-08-16 09:14:00,24188.75,24457.0,23953.8,24447.85
2017-08-17 09:14:00,24495.2,24495.2,24143.8,24258.0
2017-08-18 09:14:00,24125.3,24125.3,23936.95,24072.7
2017-08-21 09:14:00,24140.55,24258.55,23882.45,23926.25
2017-08-22 09:14:00,24080.6,24127.45,23854.6,24006.8
2017-08-23 09:14:00,24084.95,24349.15,24079.7,24285.9
2017-08-24 09:14:00,24374.75,24411.0,24224.85,24320.5
2017-08-28 09:14:00,24351.25,24421.75,24301.4,24367.25
2017-08-29 09:14:00,24302.0,24312.55,24105.75,24119.6
2017-08-30 09:14:00,24253.05,24384.05,24250.5,24321.6
2017-08-31 09:14:00,24354.35,24354.35,24207.75,24301.35
2017-09-01 09:14:00,24389.2,24494.15,24319.2,24406.3
2017-09-04 09:14:00,24456.3,24456.3,24156.55,24214.85
2017-09-05 09:14:00,24272.6,24387.6,24256.3,24308.35
2017-09-06 09:14:00,24192.4,24329.8,24151.9,24290.15
2017-09-07 09:14:00,24324.85,24412.15,24248.15,24290.0
2017-09-08 09:14:00,24409.5,24417.65,24276.9,24355.5
2017-09-11 09:14:00,24468.5,24734.6,24458.85,24671.6
2017-09-12 09:14:00,24779.15,24821.35,24654.5,24794.2
2017-09-13 09:14:00,24818.35,24948.3,24739.5,24831.55
2017-09-14 09:14:00,24857.25,24993.1,24820.0,24921.65
2017-09-15 09:14:00,24840.3,24915.45,24791.7,24844.45
2017-09-18 09:14:00,24948.15,25104.9,24948.15,25039.2
2017-09-19 09:14:00,25059.75,25103.2,24993.3,25024.05
2017-09-20 09:14:00,24984.65,25052.35,24938.3,24946.95
2017-09-21 09:14:00,24934.1,24992.5,24710.85,24815.95
2017-09-22 09:14:00,24704.55,24704.55,24341.35,24366.35
2017-09-25 09:14:00,24361.55,24361.55,24018.15,24173.4
2017-09-26 09:14:00,24105.6,24236.55,24017.5,24178.4
2017-09-27 09:14:00,24308.7,24312.25,23766.75,23815.5
2017-09-28 09:14:00,23804.05,24069.45,23613.2,24016.75
2017-09-29 09:14:00,24114.0,24226.8,24006.25,24027.8
2017-10-03 09:15:00,24200.6,24223.8,24008.05,24099.25
2017-10-04 09:14:00,24124.15,24228.6,24059.85,24098.45
2017-10-05 09:14:00,24114.75,24188.1,24033.75,24065.7
2017-10-06 09:14:00,24083.55,24238.6,24075.5,24200.5
2017-10-09 09:15:00,24209.55,24311.0,24156.25,24254.25
2017-10-10 09:14:00,24304.8,24378.25,24274.2,24326.35
2017-10-11 09:14:00,24411.45,24460.2,24054.55,24055.55
2017-10-12 09:14:00,24151.45,24391.05,23978.6,24363.3
2017-10-13 09:14:00,24411.1,24778.55,24402.05,24662.85
2017-10-16 09:14:00,24815.4,24877.05,24518.35,24709.05
2017-10-17 09:14:00,24697.25,24808.95,24572.1,24636.3
2017-10-18 06:59:00,24645.6,24645.6,24270.25,24313.75
2017-10-23 06:41:00,24009.75,24148.75,23914.05,24088.9
2017-10-24 09:14:00,24141.95,24290.75,24055.45,24212.75
2017-10-25 09:14:00,24980.65,25119.2,24564.05,25056.0
2017-10-26 09:14:00,24953.95,25177.35,24868.35,24968.4
2017-10-27 09:14:00,24887.6,24995.1,24802.4,24845.9
2017-10-30 09:14:00,24873.65,25063.75,24813.6,25005.35
2017-10-31 09:14:00,25042.1,25077.85,24949.6,25047.85
2017-11-01 09:15:00,25197.3,25548.65,25197.3,25503.1
2017-11-02 09:15:00,25508.4,25598.15,25405.6,25426.3
2017-11-03 09:15:00,25531.4,25691.55,25396.1,25643.25
2017-11-06 09:15:00,25569.0,25693.7,25531.9,25558.2
2017-11-07 09:15:00,25669.1,25687.55,25251.1,25291.75
2017-11-08 09:15:00,25375.8,25432.75,25120.25,25223.85
2017-11-09 09:15:00,25281.0,25384.3,25166.15,25345.4
2017-11-10 09:15:00,25250.9,25596.4,25241.45,25515.15
2017-11-13 09:15:00,25570.25,25610.4,25338.7,25366.8
2017-11-14 09:15:00,25352.55,25404.55,25223.1,25273.55
2017-11-15 09:15:00,25241.65,25317.2,25167.2,25236.15
2017-11-16 09:15:00,25292.9,25494.05,25273.9,25490.6
2017-11-17 09:15:00,25875.7,25924.3,25679.8,25700.25
2017-11-20 09:15:00,25733.7,25802.7,25683.25,25762.6
2017-11-21 09:15:00,25829.3,25870.95,25727.4,25740.75
2017-11-22 09:15:00,25805.65,25831.75,25665.95,25761.95
2017-11-23 09:15:00,25826.3,25829.85,25621.6,25743.75
2017-11-24 09:15:00,25776.6,25848.6,25751.35,25793.45
2017-11-27 09:15:00,25693.05,25930.65,25674.8,25926.35
2017-11-28 09:15:00,25830.45,25953.5,25795.9,25837.2
2017-11-29 09:15:00,25829.65,25877.5,25748.55,25768.55
2017-11-30 09:15:00,25693.8,25693.8,25271.1,25349.9
2017-12-01 09:15:00,25409.55,25440.7,25155.05,25192.85
2017-12-04 09:15:00,25295.05,25295.05,24993.55,25134.65
2017-12-05 09:15:00,25030.75,25212.8,24927.2,25180.9
2017-12-06 09:15:00,25066.3,25077.1,24814.45,24845.65
2017-12-07 09:15:00,24935.3,25096.9,24876.95,25071.8
2017-12-08 09:15:00,25145.5,25362.1,25145.5,25340.65
2017-12-11 09:15:00,25434.75,25443.0,25319.75,25396.4
2017-12-12 09:15:00,25413.4,25414.15,25110.0,25120.3
2017-12-13 09:15:00,25118.2,25270.15,24939.65,25029.95
2017-12-14 09:15:00,25062.4,25205.9,24889.1,25162.95
2017-12-15 09:15:00,25487.15,25558.65,25412.75,25452.7
2017-12-18 09:15:00,25181.75,25759.75,24617.15,25608.0
2017-12-19 09:15:00,25640.9,25756.4,25621.95,25731.4
2017-12-20 09:15:00,25779.05,25779.05,25566.15,25587.4
2017-12-21 09:15:00,25608.25,25628.3,25511.85,25516.5
2017-12-22 09:15:00,25615.6,25694.0,25562.75,25633.45
2017-12-26 09:15:00,25659.75,25711.4,25547.2,25679.85
2017-12-27 09:15:00,25652.85,25732.45,25429.7,25434.5
2017-12-28 09:15:00,25463.6,25557.05,25419.05,25421.75
2017-12-29 09:15:00,25484.85,25562.85,25455.25,25530.55
2018-01-01 09:15:00,25565.75,25587.8,25271.55,25271.55
2018-01-02 09:15:00,25382.2,25424.4,25234.65,25319.5
2018-01-03 09:15:00,25425.75,25453.6,25300.9,25326.15
2018-01-04 09:15:00,25367.65,25487.65,25310.6,25478.4
2018-01-05 09:15:00,25524.45,25640.8,25501.1,25619.9
2018-01-08 09:15:00,25690.25,25770.85,25649.2,25670.0
2018-01-09 09:15:00,25727.95,25801.6,25617.55,25688.0
2018-01-10 09:15:00,25709.9,25715.7,25527.95,25590.15
2018-01-11 09:15:00,25628.2,25693.6,25533.3,25658.4
2018-01-12 09:15:00,25732.4,25774.5,25557.8,25721.9
2018-01-15 09:15:00,25858.15,26090.85,25846.85,26053.45
2018-01-16 09:15:00,26129.15,26134.1,25933.15,25969.4
2018-01-17 09:15:00,25946.15,26334.95,25923.25,26330.35
2018-01-18 09:15:00,26762.25,26867.5,26424.9,26561.4
2018-01-19 09:15:00,26615.65,26956.4,26433.55,26893.6
2018-01-22 09:15:00,26940.5,27073.7,26844.25,27034.5
2018-01-23 09:15:00,27089.95,27421.15,27066.5,27382.6
2018-01-24 09:15:00,27310.15,27479.25,27220.25,27418.2
2018-01-25 09:15:00,27414.1,27520.9,27152.25,27381.4
2018-01-29 09:15:00,27446.1,27651.35,27417.1,27475.2
2018-01-30 09:15:00,27466.85,27466.85,27242.25,27268.5
2018-01-31 09:15:00,27136.25,27453.55,27116.95,27392.65
2018-02-01 09:15:00,27334.85,27612.4,27047.1,27188.85
2018-02-02 09:15:00,27017.4,27017.4,26364.75,26368.1
2018-02-05 09:15:00,25968.15,26213.7,25921.95,26133.3
2018-02-06 09:15:00,25140.1,26138.85,25024.85,25905.9
2018-02-07 09:15:00,26065.4,26065.4,25558.35,25619.3
2018-02-08 09:15:00,25759.85,26122.25,25643.65,25929.05
2018-02-09 09:15:00,25466.3,25593.15,25374.0,25494.7
2018-02-12 09:15:00,25530.1,25757.85,25489.85,25723.55
2018-02-14 09:15:00,25810.25,25810.25,25214.9,25253.2
2018-02-15 09:15:00,25360.9,25614.1,25296.05,25442.2
2018-02-16 09:15:00,25511.95,25599.35,25101.5,25183.95
2018-02-19 09:15:00,25324.6,25324.6,24826.1,25096.5
2018-02-20 09:15:00,25105.55,25157.55,24831.2,24837.7
2018-02-21 09:15:00,24996.6,24996.6,24796.5,24924.45
2018-02-22 09:15:00,24812.7,24984.6,24782.1,24948.4
2018-02-23 09:15:00,25002.25,25345.05,24964.15,25318.6
2018-02-26 09:15:00,25452.0,25722.1,25383.05,25652.15
2018-02-27 09:15:00,25684.6,25722.1,25357.8,25383.85
2018-02-28 09:15:00,25116.25,25192.2,24943.15,25111.5
2018-03-01 09:15:00,25022.35,25225.3,24855.35,24866.0
2018-03-05 09:15:00,24831.35,24872.45,24686.0,24800.6
2018-03-06 09:15:00,24964.1,25038.85,24363.65,24382.0
2018-03-07 09:15:00,24333.85,24371.7,24097.25,24162.15
2018-03-08 09:15:00,24273.9,24534.3,24049.35,24479.3
2018-03-09 09:15:00,24556.95,24562.8,24270.15,24290.25
2018-03-12 09:15:00,24443.6,24715.35,24360.65,24679.6
2018-03-13 09:15:00,24624.6,25009.55,24605.1,24732.75
2018-03-14 09:15:00,24629.65,24891.55,24487.0,24863.0
2018-03-15 09:15:00,24854.3,24939.8,24734.25,24745.8
2018-03-16 09:15:00,24753.65,24785.0,24443.25,24544.95
2018-03-19 09:15:00,24530.15,24587.45,24188.2,24239.05
2018-03-20 09:15:00,24133.95,24355.65,24082.95,24227.3
2018-03-21 09:15:00,24331.3,24459.75,24208.65,24259.55
2018-03-22 09:15:00,24252.95,24314.4,24095.3,24097.0
2018-03-23 09:15:00,23785.65,23796.3,23605.6,23652.8
2018-03-26 09:15:00,23674.9,24290.65,23657.05,24270.6
2018-03-27 09:15:00,24396.4,24496.95,24266.4,24435.0
2018-03-28 09:15:00,24299.5,24361.0,24203.4,24306.1
2018-04-02 09:15:00,24235.65,24373.4,24062.95,24334.9
2018-04-03 09:15:00,24285.95,24538.0,24254.35,24500.7
2018-04-04 09:15:00,24502.5,24666.3,24087.8,24106.05
2018-04-05 09:15:00,24394.45,24824.9,24380.85,24790.25
2018-04-06 09:15:00,24776.35,24933.6,24626.4,24811.35
2018-04-09 09:15:00,24848.85,25152.85,24828.0,25074.1
2018-04-10 09:15:00,25153.6,25279.9,25120.2,25227.8
2018-04-11 09:15:00,25198.35,25207.05,24950.3,25095.4
2018-04-12 09:15:00,25076.9,25244.8,24969.4,25165.2
2018-04-13 09:15:00,25239.65,25411.3,25076.85,25231.4
2018-04-16 09:15:00,25082.1,25348.55,25067.35,25338.05
2018-04-17 09:15:00,25383.75,25402.55,25224.0,25347.4
2018-04-18 09:15:00,25426.75,25426.75,25058.75,25119.95
2018-04-19 09:15:00,25206.45,25207.3,25049.7,25150.7
2018-04-20 09:15:00,25126.8,25126.8,24839.3,25000.5
2018-04-23 09:15:00,25065.5,25084.15,24466.1,24986.2
2018-04-24 09:15:00,24972.2,25123.45,24955.0,25055.3
2018-04-25 09:15:00,24993.4,24993.4,24734.6,24805.6
2018-04-26 09:15:00,24833.2,25064.0,24753.4,25017.6
2018-04-27 09:15:00,25030.15,25441.5,25029.65,25418.1
2018-04-30 09:15:00,25490.15,25617.5,25464.8,25546.45
2018-05-02 09:15:00,25607.05,25716.75,25499.35,25579.25
2018-05-03 09:15:00,25547.9,25653.45,25469.05,25603.25
2018-05-04 09:15:00,25632.3,25680.4,25537.7,25644.8
2018-05-07 09:15:00,25676.25,25913.5,25675.15,25895.0
2018-05-08 09:15:00,26074.15,26116.25,25954.6,26090.6
2018-05-09 09:15:00,25988.1,26206.5,25946.3,26155.5
2018-05-10 09:15:00,26216.1,26266.4,26061.45,26062.7
2018-05-11 09:15:00,26173.7,26437.25,26099.85,26408.45
2018-05-14 09:15:00,26404.45,26565.4,26338.05,26447.6
2018-05-15 09:15:00,26494.9,26972.05,26407.3,26444.6
2018-05-16 09:15:00,26269.35,26428.35,26102.15,26201.55
2018-05-17 09:15:00,26233.2,26283.55,26012.0,26095.4
2018-05-18 09:15:00,26025.6,26032.0,25839.0,25928.0
2018-05-21 09:15:00,26017.5,26066.75,25685.35,25760.3
2018-05-22 09:15:00,25780.25,25945.65,25701.35,25808.4
2018-05-23 09:15:00,25726.95,25903.9,25622.15,25632.8
2018-05-24 09:15:00,25722.9,26073.1,25658.4,26065.2
2018-05-25 09:15:00,26066.75,26325.55,26031.45,26294.9
2018-05-28 09:15:00,26291.65,26713.65,26273.9,26585.65
2018-05-29 09:15:00,26567.25,26570.95,26221.1,26237.65
2018-05-30 09:15:00,26039.9,26405.45,25980.85,26336.75
2018-05-31 09:15:00,26587.0,27164.55,26354.55,26874.4
2018-06-01 09:15:00,26913.4,26996.8,26658.55,26676.35
2018-06-04 09:15:00,27023.7,27047.55,26205.9,26265.25
2018-06-05 09:15:00,26263.0,26342.4,26069.55,26263.75
2018-06-06 09:15:00,26266.9,26425.2,26147.8,26373.1
2018-06-07 09:15:00,26577.95,26766.95,26483.9,26523.25
2018-06-08 09:15:00,26457.25,26481.0,26284.2,26447.2
2018-06-11 09:15:00,26473.2,26653.0,26421.95,26457.35
2018-06-12 09:15:00,26566.6,26656.45,26449.85,26635.25
2018-06-13 09:15:00,26721.95,26765.45,26598.2,26643.0
2018-06-14 09:15:00,26612.3,26623.25,26503.1,26540.55
2018-06-15 09:15:00,26513.7,26586.4,26344.95,26406.9
2018-06-18 09:15:00,26444.3,26477.5,26322.45,26416.65
2018-06-19 09:15:00,26448.1,26448.1,26224.75,26265.5
2018-06-20 09:15:00,26320.45,26574.75,26309.95,26565.9
2018-06-21 09:15:00,26645.3,26682.95,26454.95,26513.7
2018-06-22 09:15:00,26518.4,26806.55,26364.25,26761.05
2018-06-25 09:15:00,26718.15,26804.9,26573.0,26607.1
2018-06-26 09:15:00,26495.65,26712.6,26479.65,26586.85
2018-06-27 09:15:00,26616.3,26634.3,26336.5,26429.3
2018-06-28 09:15:00,26398.1,26487.85,26161.0,26312.55
2018-06-29 09:15:00,26312.7,26465.0,26291.35,26360.9
2018-07-02 09:15:00,26364.45,26371.6,26060.6,26214.4
2018-07-03 09:15:00,26210.1,26316.1,26142.0,26221.35
2018-07-04 09:15:00,26249.25,26480.5,26132.9,26424.5
2018-07-05 09:15:00,26481.55,26598.45,26415.2,26500.75
2018-07-06 09:15:00,26427.55,26609.85,26410.0,26503.45
2018-07-09 09:15:00,26642.35,26781.2,26611.55,26740.75
2018-07-10 09:15:00,26844.55,26939.55,26778.5,26892.3
2018-07-11 09:15:00,26900.65,26938.85,26774.6,26814.5
2018-07-12 09:15:00,26937.5,27164.8,26936.05,26972.85
2018-07-13 09:15:00,27046.85,27102.35,26902.3,26950.7
2018-07-16 09:15:00,26914.5,26939.05,26643.95,26652.9
2018-07-17 09:15:00,26662.85,27041.35,26653.65,27015.15
2018-07-18 09:15:00,27107.35,27187.15,26834.45,26912.3
2018-07-19 09:15:00,26960.2,27025.45,26730.1,26796.95
2018-07-20 09:15:00,26764.4,26946.55,26718.6,26872.1
2018-07-23 09:15:00,26701.3,27040.1,26671.35,27000.9
2018-07-24 09:15:00,26984.15,27128.0,26868.15,26968.9
2018-07-25 09:15:00,26992.55,27074.0,26939.35,27017.75
2018-07-26 09:15:00,27054.7,27455.1,27045.05,27421.95
2018-07-27 09:15:00,27497.8,27661.05,27455.0,27631.45
2018-07-30 09:15:00,27767.65,27873.7,27607.95,27815.2
2018-07-31 09:15:00,27797.2,27839.2,27651.3,27773.15
2018-08-01 09:15:00,27684.8,27820.15,27477.9,27485.2
2018-08-02 09:15:00,27469.5,27487.9,27327.95,27340.85
2018-08-03 09:15:00,27471.95,27723.0,27448.15,27709.25
2018-08-06 09:15:00,27769.55,27994.0,27766.05,27898.25
2018-08-07 09:15:00,27972.95,27988.2,27827.3,27872.3
2018-08-08 09:15:00,27930.55,28128.65,27858.75,28066.1
2018-08-09 09:15:00,28173.65,28363.4,28132.0,28312.8
2018-08-10 09:15:00,28348.95,28377.9,28087.65,28107.05
2018-08-13 09:15:00,27760.8,27911.85,27739.5,27822.6
2018-08-14 09:15:00,27864.4,28053.05,27854.9,28026.05
2018-08-16 09:15:00,27836.15,28013.1,27779.5,27849.8
2018-08-17 09:15:00,27991.75,28178.15,27953.8,28121.2
2018-08-20 09:15:00,28171.65,28322.3,28171.65,28264.35
2018-08-21 09:15:00,28295.85,28305.95,28151.9,28259.75
2018-08-23 09:15:00,28321.95,28325.45,27965.35,28034.95
2018-08-24 09:15:00,27954.25,28122.75,27782.8,27837.3
2018-08-27 09:15:00,27971.25,28317.75,27958.2,28262.8
2018-08-28 09:15:00,28379.9,28388.65,28152.7,28275.9
2018-08-29 09:15:00,28233.4,28344.1,28167.8,28207.6
2018-08-30 09:15:00,28233.7,28233.7,27961.75,28106.9
2018-08-31 09:15:00,27998.0,28157.35,27940.95,28046.8
2018-09-03 09:15:00,28199.45,28203.2,27777.4,27804.35
2018-09-04 09:15:00,27845.55,27875.15,27385.85,27454.05
2018-09-05 09:15:00,27409.3,27506.3,27136.05,27371.0
2018-09-06 09:15:00,27464.25,27552.8,27246.25,27424.15
2018-09-07 09:15:00,27439.25,27512.5,27232.8,27460.45
2018-09-10 09:15:00,27395.2,27404.85,27142.55,27209.25
2018-09-11 09:15:00,27295.2,27318.45,26772.25,26787.4
2018-09-12 09:15:00,26895.15,26895.15,26555.15,26869.2
2018-09-14 09:15:00,27059.85,27205.75,26989.8,27143.85
2018-09-17 09:15:00,27002.6,27002.6,26743.4,26800.95
2018-09-18 09:15:00,26757.0,26901.05,26407.45,26436.95
2018-09-19 09:15:00,26532.0,26611.6,26235.7,26285.7
2018-09-21 09:15:00,26331.05,26490.4,25053.35,25621.8
2018-09-24 09:15:00,25645.05,25649.7,24904.5,24919.3
2018-09-25 09:15:00,24947.7,25406.95,24678.25,25404.15
2018-09-26 09:15:00,25525.1,25525.1,25197.35,25343.3
2018-09-27 09:15:00,25442.1,25452.5,25007.05,25092.8
2018-09-28 09:15:00,25135.8,25354.7,24919.25,25133.75
2018-10-01 09:15:00,24943.9,25412.15,24707.65,25392.65
2018-10-03 09:15:00,25290.55,25470.05,25026.35,25089.55
2018-10-04 09:15:00,24735.15,24893.4,24501.05,24691.45
2018-10-05 09:15:00,24741.65,25080.2,24250.65,24306.35
2018-10-08 09:15:00,24470.75,24745.35,24240.05,24624.9
2018-10-09 09:15:00,24703.65,24759.9,24464.9,24530.45
2018-10-10 09:15:00,24596.6,25371.15,24559.9,25316.3
2018-10-11 09:15:00,24541.75,24940.1,24493.7,24818.7
2018-10-12 09:15:00,25001.95,25484.2,24975.45,25348.7
2018-10-15 09:15:00,25444.0,25466.2,25147.8,25393.2
2018-10-16 09:15:00,25414.2,25707.05,25351.8,25543.1
2018-10-17 09:15:00,25839.1,25915.35,25101.95,25185.35
2018-10-19 09:15:00,24966.5,25277.9,24922.65,25097.7
2018-10-22 09:15:00,25484.25,25504.75,25021.35,25113.85
2018-10-23 09:15:00,24786.9,25124.6,24784.9,25029.55
2018-10-24 09:15:00,25312.7,25356.9,24839.65,25081.5
2018-10-25 09:15:00,24841.5,24977.35,24696.85,24845.85
2018-10-26 09:15:00,24771.85,24771.95,24353.1,24359.8
2018-10-29 09:15:00,24647.95,25023.75,24404.55,24975.7
2018-10-30 09:15:00,24924.75,25121.5,24686.85,24807.2
2018-10-31 09:15:00,24823.8,25201.3,24528.35,25086.15
2018-11-01 09:15:00,25285.2,25401.6,25129.45,25336.8
2018-11-02 09:15:00,25545.35,25856.25,25499.15,25723.4
2018-11-05 09:15:00,25731.55,25788.2,25534.4,25747.55
2018-11-06 09:15:00,25747.4,25860.75,25558.35,25601.8
2018-11-07 17:30:00,25818.1,25824.4,25698.1,25737.4
2018-11-09 09:15:00,25742.55,25822.75,25598.75,25766.5
2018-11-12 09:15:00,25816.15,25907.2,25495.1,25532.6
2018-11-13 09:15:00,25422.0,25796.5,25384.55,25793.4
2018-11-14 09:15:00,25952.4,26045.05,25806.7,25902.95
2018-11-15 09:15:00,25946.2,26197.6,25728.0,26114.55
2018-11-16 09:15:00,26205.35,26332.75,26122.55,26247.0
2018-11-19 09:15:00,26364.6,26379.1,26204.35,26338.25
2018-11-20 09:15:00,26211.5,26259.4,26041.8,26078.95
2018-11-21 09:15:00,26105.45,26342.05,26060.55,26256.55
2018-11-22 09:15:00,26233.65,26323.95,25947.85,26004.3
2018-11-26 09:15:00,26096.0,26396.6,26025.05,26390.8
2018-11-27 09:15:00,26286.1,26491.25,26268.65,26427.6
2018-11-28 09:15:00,26489.65,26584.95,26419.65,26446.45
2018-11-29 09:15:00,26641.6,27003.75,26577.15,26943.7
2018-11-30 09:15:00,27009.3,27012.7,26764.9,26850.8
2018-12-03 09:15:00,27032.9,27037.1,26791.65,26852.25
2018-12-04 09:15:00,26809.5,26843.8,26644.75,26710.0
2018-12-05 09:15:00,26572.1,26627.35,26443.65,26542.9
2018-12-06 09:15:00,26339.1,26359.9,26149.45,26203.3
2018-12-07 09:15:00,26307.4,26659.7,26252.1,26642.9
2018-12-10 09:15:00,26073.65,26336.2,26072.0,26099.35
2018-12-11 09:15:00,25602.25,26227.9,25598.95,26222.55
2018-12-12 09:15:00,26286.25,26672.7,26214.75,26623.35
2018-12-13 09:15:00,26844.15,26951.45,26723.65,26820.95
2018-12-14 09:15:00,26810.85,26909.0,26732.7,26803.65
2018-12-17 09:15:00,26915.45,27051.4,26908.6,27006.2
2018-12-18 09:15:00,26917.3,27210.05,26840.8,27191.85
2018-12-19 09:15:00,27229.05,27364.35,27214.3,27281.05
2018-12-20 09:15:00,27128.65,27309.1,27084.5,27296.85
2018-12-21 09:15:00,27261.25,27369.1,26823.1,26897.35
2018-12-24 09:15:00,26877.05,26934.85,26676.95,26721.5
2018-12-26 09:15:00,26634.0,27029.15,26408.15,27011.85
2018-12-27 09:15:00,27200.65,27239.95,26845.1,26897.1
2018-12-28 09:15:00,27048.4,27213.45,27039.6,27120.75
2018-12-31 09:15:00,27267.8,27286.5,27105.0,27159.75
2019-01-01 09:15:00,27231.4,27430.55,27019.05,27411.15
2019-01-02 09:15:00,27297.0,27397.55,27077.6,27155.85
2019-01-03 09:15:00,27181.6,27206.2,26923.75,26930.55
2019-01-04 09:15:00,26999.7,27274.5,26926.1,27202.55
2019-01-07 09:15:00,27378.65,27477.8,27279.55,27296.85
2019-01-08 09:15:00,27301.9,27542.4,27161.95,27499.05
2019-01-09 09:15:00,27651.25,27754.45,27409.5,27711.2
2019-01-10 09:15:00,27713.55,27713.55,27488.2,27526.25
2019-01-11 09:15:00,27602.8,27612.45,27382.45,27420.4
2019-01-14 09:15:00,27389.2,27389.8,27182.2,27252.2
2019-01-15 09:15:00,27317.55,27447.55,27317.1,27388.9
2019-01-16 09:15:00,27405.65,27554.75,27403.05,27451.85
2019-01-17 09:15:00,27568.6,27611.55,27335.15,27495.35
2019-01-18 09:15:00,27550.05,27576.45,27410.65,27465.1
2019-01-21 09:15:00,27514.55,27622.2,27388.5,27523.7
2019-01-22 09:15:00,27526.55,27533.35,27385.4,27470.55
2019-01-23 09:15:00,27493.1,27564.7,27189.6,27224.3
2019-01-24 09:15:00,27273.5,27342.35,27142.8,27297.95
2019-01-25 09:15:00,27261.45,27433.55,27045.2,27119.2
2019-01-28 09:15:00,27041.45,27134.2,26587.95,26710.25
2019-01-29 09:15:00,26616.25,26743.85,26441.55,26680.5
2019-01-30 09:15:00,26789.75,26916.25,26693.7,26831.45
2019-01-31 09:15:00,26969.15,27325.05,26891.05,27250.25
2019-02-01 09:15:00,27334.55,27533.05,26930.45,27060.2
2019-02-04 09:15:00,26974.0,27243.8,26825.55,27180.2
2019-02-05 09:15:00,27226.05,27348.25,27153.2,27275.15
2019-02-06 09:15:00,27326.2,27428.65,27294.1,27405.7
2019-02-07 09:15:00,27424.1,27589.75,27322.95,27344.7
2019-02-08 09:15:00,27302.65,27482.1,27221.25,27261.5
2019-02-11 09:15:00,27240.5,27305.9,27151.55,27259.95
2019-02-12 09:15:00,27166.9,27286.65,26988.9,26996.15
2019-02-13 09:15:00,27068.85,27108.0,26839.05,26842.9
2019-02-14 09:15:00,26978.0,27030.0,26818.05,26992.8
2019-02-15 09:15:00,27017.2,27029.95,26635.25,26792.9
2019-02-18 09:15:00,26754.6,26829.95,26617.7,26633.7
2019-02-19 09:15:00,26666.55,26996.45,26625.6,26656.5
2019-02-20 09:15:00,26786.0,26985.5,26732.65,26966.75
2019-02-21 09:15:00,26994.75,27100.9,26973.0,27060.75
2019-02-22 09:15:00,26960.05,26997.35,26847.8,26859.9
2019-02-25 09:15:00,26934.2,27197.1,26932.65,27138.65
2019-02-26 09:15:00,26853.8,27127.25,26736.6,26947.6
2019-02-27 09:15:00,27078.1,27189.45,26719.4,26778.3
2019-02-28 09:15:00,26878.0,26920.5,26762.55,26825.85
2019-03-01 09:15:00,26941.0,27076.55,26928.9,27022.95
2019-03-05 09:15:00,27068.15,27580.75,26958.1,27527.3
2019-03-06 09:15:00,27618.1,27681.65,27492.05,27610.7
2019-03-07 09:15:00,27661.0,27815.5,27560.0,27754.7
2019-03-08 09:15:00,27686.15,27811.35,27645.4,27759.35
2019-03-11 09:15:00,27840.1,28035.6,27791.25,27973.05
2019-03-12 09:15:00,28168.2,28488.1,28142.25,28422.65
2019-03-13 09:15:00,28480.3,28927.7,28353.65,28893.55
2019-03-14 09:15:00,29028.9,29070.35,28819.75,28913.45
2019-03-15 09:15:00,29007.0,29520.7,28990.85,29411.45
2019-03-18 09:15:00,29521.6,29812.0,29361.65,29688.3
2019-03-19 09:15:00,29702.6,29799.75,29547.7,29754.15
2019-03-20 09:15:00,29769.65,29885.2,29633.5,29859.2
2019-03-22 09:15:00,29920.75,30008.1,29508.7,29579.0
2019-03-25 09:15:00,29329.4,29329.4,29156.25,29259.4
2019-03-26 09:15:00,29300.4,29950.15,29278.5,29935.65
2019-03-27 09:15:00,30034.15,30262.55,29790.25,30014.15
2019-03-28 09:15:00,30064.8,30496.05,29969.1,30414.3
2019-03-29 09:15:00,30480.35,30499.15,30235.9,30383.2
2019-04-01 09:15:00,30537.6,30648.1,30218.35,30250.85
2019-04-02 09:15:00,30450.1,30452.9,30155.85,30445.75
2019-04-03 09:15:00,30440.85,30602.55,30036.25,30081.0
2019-04-04 09:15:00,30147.3,30245.7,29809.9,29937.75
2019-04-05 09:15:00,30002.85,30174.0,29850.0,30130.5
2019-04-08 09:15:00,30201.5,30232.05,29716.6,29846.35
2019-04-09 09:15:00,29901.5,30165.05,29703.55,30143.5
2019-04-10 09:15:00,29916.6,30155.75,29768.1,29788.85
2019-04-11 09:15:00,29841.85,29852.25,29640.25,29781.7
2019-04-12 09:15:00,29780.55,30000.95,29707.0,29868.65
2019-04-15 09:15:00,29983.5,30163.1,29919.1,30088.85
2019-04-16 09:15:00,30236.25,30590.95,30228.2,30564.1
2019-04-18 09:15:00,30656.5,30669.8,30142.2,30191.5
2019-04-22 09:15:00,30282.5,30289.9,29647.55,29656.3
2019-04-23 09:15:00,29761.95,29906.5,29455.45,29500.4
2019-04-24 09:15:00,29550.5,29914.85,29435.05,29854.7
2019-04-25 09:15:00,29927.05,30057.7,29511.95,29567.75
2019-04-26 09:15:00,29764.85,30048.2,29563.15,29980.8
2019-04-30 09:15:00,29920.4,29920.4,29550.05,29729.45
2019-05-02 09:15:00,29699.8,29919.35,29638.8,29689.9
2019-05-03 09:15:00,29811.65,30121.75,29795.1,29924.65
2019-05-06 09:15:00,29626.5,29757.4,29528.6,29616.55
2019-05-07 09:15:00,29749.55,29835.5,29244.25,29273.2
2019-05-08 09:15:00,29261.3,29261.3,28951.35,29011.4
2019-05-09 09:15:00,28893.95,29040.3,28784.65,28871.3
2019-05-10 09:15:00,28927.6,29202.85,28900.1,28975.85
2019-05-13 09:15:00,29026.65,29049.05,28621.1,28690.95
2019-05-14 09:15:00,28718.75,29058.3,28582.6,28878.6
2019-05-15 09:15:00,28925.45,28983.15,28555.15,28566.85
2019-05-16 09:15:00,28625.9,28947.6,28525.45,28890.75
2019-05-17 09:15:00,28881.4,29559.45,28856.0,29521.15
2019-05-20 09:15:00,30230.4,30827.85,30111.2,30766.9
2019-05-21 09:15:00,30862.1,30926.7,30265.1,30330.1
2019-05-22 09:15:00,30410.65,30675.1,30268.6,30583.75
2019-05-23 09:15:00,30962.8,31705.0,30292.35,30517.75
2019-05-24 09:15:00,30685.5,31275.4,30564.4,31216.0
2019-05-27 09:15:00,31234.9,31700.75,31142.5,31617.95
2019-05-28 09:15:00,31711.3,31712.4,31328.6,31660.7
2019-05-29 09:15:00,31459.25,31546.75,31257.9,31302.1
2019-05-30 09:15:00,31256.85,31619.25,31236.1,31563.0
2019-05-31 09:15:00,31678.9,31783.6,30623.05,31350.85
2019-06-03 09:15:00,31406.05,31674.6,31284.7,31650.8
2019-06-04 09:15:00,31532.9,31752.7,31512.95,31619.95
2019-06-06 09:15:00,31523.95,31541.5,30800.8,30895.8
2019-06-07 09:15:00,30943.15,31139.6,30627.05,31072.6
2019-06-10 09:15:00,31259.2,31367.4,30861.3,31062.45
2019-06-11 09:15:00,31172.25,31399.35,30973.35,31266.7
2019-06-12 09:15:00,31219.3,31222.3,30911.45,31016.55
2019-06-13 09:15:00,30876.75,31036.9,30638.25,30992.4
2019-06-14 09:15:00,30983.45,31032.65,30508.95,30587.1
2019-06-17 09:15:00,30652.0,30684.05,30249.4,30305.95
2019-06-18 09:15:00,30299.45,30550.65,30222.85,30359.45
2019-06-19 09:15:00,30526.5,30699.15,30242.0,30432.75
2019-06-20 09:15:00,30390.2,30824.55,30220.7,30788.65
2019-06-21 09:15:00,30804.95,30804.95,30541.5,30624.1
2019-06-24 09:15:00,30680.95,30783.65,30528.0,30616.8
2019-06-25 09:15:00,30567.65,30913.25,30451.4,30806.4
2019-06-26 09:15:00,30809.2,31202.7,30766.65,31127.65
2019-06-27 09:15:00,31192.1,31490.6,31158.8,31245.4
2019-06-28 09:15:00,31281.0,31308.9,31060.6,31121.6
2019-07-01 09:15:00,31271.0,31450.35,31246.45,31360.65
2019-07-02 09:15:00,31414.65,31431.35,31105.1,31268.75
2019-07-03 09:15:00,31347.7,31467.15,31238.5,31374.45
2019-07-04 09:15:00,31471.0,31608.35,31428.05,31434.65
2019-07-05 09:15:00,31523.05,31660.75,31323.25,31424.85
2019-07-08 09:15:00,31346.85,31370.4,30536.75,30642.5
2019-07-09 09:15:00,30533.4,30702.1,30346.7,30573.25
2019-07-10 09:15:00,30618.05,30728.35,30428.6,30529.7
2019-07-11 09:15:00,30707.0,30788.05,30565.35,30678.7
2019-07-12 09:15:00,30789.75,30870.95,30548.3,30578.1
2019-07-15 09:15:00,30688.85,30695.7,30334.2,30452.45
2019-07-16 09:15:00,30532.65,30635.0,30429.9,30577.9
2019-07-17 09:15:00,30622.25,30799.7,30568.3,30773.6
2019-07-18 09:15:00,30705.8,30769.35,30378.6,30458.6
2019-07-19 09:15:00,30515.1,30543.75,29705.75,29835.75
2019-07-22 09:15:00,29617.05,29635.15,29194.1,29274.0
2019-07-23 09:15:00,29342.45,29365.8,29078.15,29115.55
2019-07-24 09:15:00,29085.45,29252.4,28871.0,28938.9
2019-07-25 09:15:00,28981.05,29240.8,28931.05,29103.05
2019-07-26 09:15:00,29062.5,29379.1,28994.5,29363.9
2019-07-29 09:15:00,29583.45,29592.95,29104.85,29332.55
2019-07-30 09:15:00,29434.85,29530.3,28737.8,28758.75
2019-07-31 09:15:00,28575.45,28979.75,28529.75,28865.5
2019-08-01 09:15:00,28660.5,28819.7,28047.35,28412.25
2019-08-02 09:15:00,28224.25,28544.55,27936.35,28231.95
2019-08-05 09:15:00,27841.2,27866.55,27389.5,27629.7
2019-08-06 09:15:00,27518.5,28148.4,27503.9,27998.05
2019-08-07 09:15:00,28053.85,28175.55,27641.85,27655.95
2019-08-08 09:15:00,27840.1,28227.55,27531.05,28208.75
2019-08-09 09:15:00,28293.65,28602.75,28251.75,28444.65
2019-08-13 09:15:00,28356.8,28358.85,27683.5,27716.05
2019-08-14 09:15:00,27885.5,28107.05,27726.65,27983.55
2019-08-16 09:15:00,27920.3,28251.05,27720.95,28200.55
2019-08-19 09:15:00,28331.25,28468.9,28146.5,28195.2
2019-08-20 09:15:00,28163.55,28215.4,27839.65,28006.2
2019-08-21 09:15:00,28021.0,28098.9,27666.2,27711.6
2019-08-22 09:15:00,27690.05,27690.05,26975.55,27052.8
2019-08-23 09:15:00,26835.35,27207.3,26560.6,26978.0
2019-08-26 09:15:00,27663.95,27995.25,26859.35,27978.75
2019-08-27 09:15:00,28106.3,28277.7,27960.8,28138.25
2019-08-28 09:15:00,28080.25,28095.55,27634.65,27782.65
2019-08-29 09:15:00,27694.95,27719.05,27239.95,27349.1
2019-08-30 09:15:00,27407.9,27586.5,27121.95,27485.55
2019-09-03 09:15:00,27239.2,27247.05,26742.6,26752.5
2019-09-04 09:15:00,26785.95,27278.7,26641.35,27096.25
2019-09-05 09:15:00,27086.95,27243.95,26815.4,26897.25
2019-09-06 09:15:00,26986.5,27311.05,26950.55,27235.85
2019-09-09 09:15:00,27240.35,27565.55,26993.9,27491.35
2019-09-11 09:15:00,27639.05,27829.65,27551.65,27729.3
2019-09-12 09:15:00,27870.8,28062.3,27764.7,27793.75
2019-09-13 09:15:00,27772.0,28126.85,27573.45,28103.35
2019-09-16 09:15:00,27868.0,28066.7,27798.85,27827.75
2019-09-17 09:15:00,27765.1,27851.4,27047.95,27172.0
2019-09-18 09:15:00,27304.7,27414.45,27088.8,27163.0
2019-09-19 09:15:00,27175.45,27175.45,26643.0,26775.15
2019-09-20 09:15:00,26878.65,29418.95,26727.55,28971.85
2019-09-23 09:15:00,30039.4,30801.3,29776.3,30504.65
2019-09-24 09:15:00,30432.0,30668.1,29889.55,30158.85
2019-09-25 09:15:00,30029.05,30067.6,29470.1,29541.2
2019-09-26 09:15:00,29640.55,30718.35,29627.0,30042.35
2019-09-27 09:15:00,29974.95,30112.65,29711.35,29886.2
2019-09-30 09:15:00,29674.8,29754.4,28943.45,29098.3
2019-10-01 09:15:00,29226.15,29526.4,28077.35,28765.3
2019-10-03 09:15:00,28606.7,28769.1,28240.8,28419.35
2019-10-04 09:15:00,28681.9,28730.3,27653.7,27682.15
2019-10-07 09:15:00,27909.9,28185.15,27568.35,27739.5
2019-10-09 09:15:00,27901.65,28857.7,27702.05,28797.2
2019-10-10 09:15:00,28542.95,28552.75,27914.15,28064.5
2019-10-11 09:15:00,28245.55,28604.05,27736.8,28038.65
2019-10-14 09:15:00,28238.5,28553.4,28043.25,28152.75
2019-10-15 09:15:00,28257.85,28694.85,28186.25,28559.9
2019-10-16 09:15:00,28689.45,28759.35,28305.4,28537.3
2019-10-17 09:15:00,28596.35,29049.05,28487.95,28987.35
2019-10-18 09:15:00,28954.8,29249.5,28864.1,29099.6
2019-10-22 09:15:00,29416.25,29690.0,29231.2,29411.35
2019-10-23 09:15:00,29478.85,29643.8,29214.05,29482.0
2019-10-24 09:15:00,29604.35,29693.25,28994.2,29129.05
2019-10-25 09:15:00,29228.65,29452.1,28923.8,29395.95
2019-10-27 18:15:00,29605.4,29644.45,29446.8,29491.0
2019-10-29 09:15:00,29527.6,29997.65,29385.45,29863.35
2019-10-30 09:15:00,30005.7,30151.1,29753.0,29990.4
2019-10-31 09:15:00,30168.65,30415.65,29987.15,30034.85
2019-11-01 09:15:00,30196.15,30409.0,30028.9,30360.95
2019-11-04 09:15:00,30415.9,30607.05,30227.25,30330.4
2019-11-05 09:15:00,30403.25,30452.7,30091.35,30208.25
2019-11-06 09:15:00,30225.2,30699.0,30013.65,30584.8
2019-11-07 09:15:00,30722.6,30821.35,30462.55,30650.35
2019-11-08 09:15:00,30571.3,31108.4,30504.05,30754.1
2019-11-11 09:15:00,30664.65,31205.2,30625.8,31133.1
2019-11-13 09:15:00,31084.75,31198.5,30488.1,30544.4
2019-11-14 09:15:00,30615.8,30789.2,30338.35,30753.35
2019-11-15 09:15:00,30912.4,31165.45,30860.7,31012.05
2019-11-18 09:15:00,31036.8,31203.55,30901.85,31007.0
2019-11-19 09:15:00,31045.15,31298.05,30974.3,31286.2
2019-11-20 09:15:00,31292.35,31471.65,31205.55,31337.0
2019-11-21 09:15:00,31413.25,31463.15,31243.0,31336.4
2019-11-22 09:15:00,31389.6,31394.2,31055.2,31130.1
2019-11-25 09:15:00,31065.1,31591.6,31049.75,31566.7
2019-11-26 09:15:00,31692.85,31850.35,31465.85,31778.2
2019-11-27 09:15:00,31832.75,31916.8,31734.5,31900.1
2019-11-28 09:15:00,31981.7,32157.05,31905.9,32132.3
2019-11-29 09:15:00,32074.15,32086.95,31770.8,31926.3
2019-12-02 09:15:00,32008.3,32024.1,31720.6,31871.8
2019-12-03 09:15:00,31920.1,31936.6,31502.95,31633.1
2019-12-04 09:15:00,31549.3,32017.75,31444.0,31968.35
2019-12-05 09:15:00,32083.8,32126.95,31628.3,31677.0
2019-12-06 09:15:00,31797.15,31879.35,31254.65,31319.45
2019-12-09 09:15:00,31321.4,31537.65,31122.05,31332.4
2019-12-10 09:15:00,31386.4,31412.8,31126.0,31176.35
2019-12-11 09:15:00,31151.65,31337.85,30996.4,31285.35
2019-12-12 09:15:00,31356.8,31711.45,31352.1,31665.8
2019-12-13 09:15:00,31775.55,32105.05,31770.5,32029.6
2019-12-16 09:15:00,32159.0,32186.95,31897.75,31995.6
2019-12-17 09:15:00,32082.4,32213.35,31987.35,32152.15
2019-12-18 09:15:00,32292.25,32293.65,32017.3,32276.0
2019-12-19 09:15:00,32281.65,32328.35,32085.05,32249.6
2019-12-20 09:15:00,32266.85,32443.35,32199.45,32381.15
2019-12-23 09:15:00,32381.0,32502.8,32196.85,32336.3
2019-12-24 09:15:00,32337.8,32390.35,32246.05,32286.8
2019-12-26 09:15:00,32276.15,32314.6,31963.25,32020.6
2019-12-27 09:15:00,32142.5,32444.85,32056.25,32414.35
2019-12-30 09:15:00,32486.6,32613.1,32248.5,32372.1
2019-12-31 09:15:00,32345.95,32345.95,32108.75,32180.5
2020-01-01 09:15:00,32237.9,32348.0,32057.2,32128.9
2020-01-02 09:15:00,32133.15,32465.45,32121.4,32432.65
2020-01-03 09:15:00,32326.95,32329.8,31960.4,32077.8
2020-01-06 09:15:00,31910.45,31914.45,31170.55,31228.7
2020-01-07 09:15:00,31598.05,31851.45,31200.9,31409.1
2020-01-08 09:15:00,30995.5,31451.85,30899.55,31355.3
2020-01-09 09:15:00,31748.25,32172.7,31667.15,32071.55
2020-01-10 09:15:00,32215.7,32347.2,31953.4,32081.9
2020-01-13 09:15:00,32139.1,32322.65,32074.05,32198.2
2020-01-14 09:15:00,32196.45,32196.45,31989.2,32061.45
2020-01-15 09:15:00,31994.75,32000.9,31670.35,31835.85
2020-01-16 09:15:00,31810.55,31988.9,31692.4,31849.45
2020-01-17 09:15:00,31571.65,31773.55,31445.5,31553.7
2020-01-20 09:15:00,31923.95,31923.95,31050.95,31097.7
2020-01-21 09:15:00,30978.85,31171.25,30858.6,30962.1
2020-01-22 09:15:00,31061.6,31149.05,30614.0,30691.85
2020-01-23 09:15:00,30742.2,31087.25,30621.35,31012.75
2020-01-24 09:15:00,31040.1,31375.45,30879.05,31257.0
2020-01-27 09:15:00,31110.55,31227.05,30808.55,30819.2
2020-01-28 09:15:00,30922.0,31048.45,30656.35,30780.7
2020-01-29 09:15:00,30915.1,31082.85,30835.8,30872.65
2020-01-30 09:15:00,30889.25,30909.5,30521.3,30620.0
2020-01-31 09:15:00,30950.5,31033.45,30691.8,30812.75
2020-02-01 09:15:00,30726.2,30918.6,29753.0,29814.75
2020-02-03 09:15:00,29811.75,30105.8,29612.55,30046.5
2020-02-04 09:15:00,30235.3,30776.95,30182.45,30679.8
2020-02-05 09:15:00,30761.95,31065.85,30630.85,31018.0
2020-02-06 09:15:00,31070.75,31470.65,30917.25,31286.7
2020-02-07 09:15:00,31367.05,31368.2,31111.05,31163.25
2020-02-10 09:15:00,31248.65,31248.8,30957.2,31066.3
2020-02-11 09:15:00,31230.2,31505.95,31225.9,31299.95
2020-02-12 09:15:00,31441.15,31588.6,31398.15,31482.65
2020-02-13 09:15:00,31586.55,31649.45,31180.6,31197.75
2020-02-14 09:15:00,31281.85,31436.65,30776.1,30861.95
2020-02-17 09:15:00,30873.85,30998.15,30630.5,30711.55
2020-02-18 09:15:00,30661.5,30692.75,30252.45,30618.65
2020-02-19 09:15:00,30905.0,30947.15,30606.15,30841.05
2020-02-20 09:15:00,30862.3,31085.3,30702.45,30939.55
2020-02-24 09:15:00,30666.35,30702.15,30428.0,30486.35
2020-02-25 09:15:00,30517.0,30610.7,30329.95,30465.25
2020-02-26 09:15:00,30279.95,30515.35,30131.75,30345.35
2020-02-27 09:15:00,30270.0,30271.95,29914.15,30164.6
2020-02-28 09:15:00,29501.55,29564.1,29051.5,29191.4
2020-03-02 09:15:00,29701.0,29791.15,28571.7,28913.4
2020-03-03 09:15:00,29012.55,29285.35,28749.55,29240.7
2020-03-04 09:15:00,29252.95,29273.65,28125.15,28671.25
2020-03-05 09:15:00,28830.3,29134.3,28535.6,28787.6
2020-03-06 09:15:00,27649.95,28047.2,27162.3,27780.45
2020-03-09 09:15:00,27031.45,27091.6,25923.4,26502.25
2020-03-11 09:15:00,26272.75,26791.45,26234.1,26458.25
2020-03-12 09:15:00,25175.9,25223.1,23536.35,24162.5
2020-03-13 09:15:00,22720.75,25670.75,21351.7,25346.35
2020-03-16 09:15:00,24061.6,24074.15,23008.25,23084.9
2020-03-17 09:15:00,23348.05,23449.5,22002.0,22103.9
2020-03-18 09:15:00,22411.85,22544.05,20267.95,20828.65
2020-03-19 09:15:00,19428.95,21035.05,18675.65,20042.7
2020-03-20 09:15:00,19763.6,20924.55,19265.0,20274.55
2020-03-23 09:15:00,18311.3,18895.65,16791.05,17015.0
2020-03-24 09:15:00,17705.85,17841.4,16116.25,17256.15
2020-03-25 09:15:00,16759.95,18740.2,16635.5,18536.9
2020-03-26 09:15:00,18781.85,20409.35,18364.5,19660.5
2020-03-27 09:15:00,20801.6,21462.4,19580.1,19931.1
2020-03-30 09:15:00,19254.45,19716.25,18668.7,18763.25
2020-03-31 09:15:00,19307.65,19466.3,18792.4,19051.4
2020-04-01 09:15:00,19122.4,19154.75,18042.25,18207.35
2020-04-03 09:15:00,18325.05,18326.1,17143.2,17317.65
2020-04-07 09:15:00,18454.55,19190.55,17953.75,19055.45
2020-04-08 09:15:00,18799.4,20324.1,18482.9,18936.2
2020-04-09 09:15:00,19553.15,19988.3,19166.9,19876.45
2020-04-13 09:15:00,19854.9,19887.05,19294.0,19531.95
2020-04-15 09:15:00,20096.35,20184.1,18776.75,19120.9
2020-04-16 09:15:00,18957.15,19520.3,18703.45,19494.35
2020-04-17 09:15:00,20394.75,20866.55,19729.3,20749.25
2020-04-20 09:15:00,21104.7,21122.1,20444.25,20488.55
2020-04-21 09:15:00,19812.05,19891.45,19247.95,19354.25
2020-04-22 09:15:00,19306.95,19806.35,19051.95,19744.9
2020-04-23 09:15:00,19871.35,20356.5,19584.4,20221.7
2020-04-24 09:15:00,19697.65,19950.15,19515.4,19636.6
2020-04-27 09:15:00,19870.8,20224.75,19847.65,20080.8
2020-04-28 09:15:00,20436.6,20751.3,20260.8,20739.0
2020-04-29 09:15:00,20440.4,21348.15,20393.65,20982.7
2020-04-30 09:15:00,21589.2,21967.0,21353.65,21478.45
2020-05-04 09:15:00,20514.75,20530.45,19643.6,19813.25
2020-05-05 09:15:00,20147.3,20223.15,19212.35,19333.35
2020-05-06 09:15:00,19302.45,19806.6,18941.0,19762.3
2020-05-07 09:15:00,19536.05,19757.25,19332.15,19528.4
2020-05-08 09:15:00,19844.0,19969.6,19285.05,19360.7
2020-05-11 09:15:00,19610.45,19733.4,18900.9,18974.8
2020-05-12 09:15:00,18751.4,18993.4,18287.0,18888.6
2020-05-13 09:15:00,20017.75,20122.25,19429.9,19643.35
2020-05-14 09:15:00,19197.7,19380.1,19024.75,19092.15
2020-05-15 09:15:00,19098.8,19119.1,18683.65,18818.2
2020-05-18 09:15:00,18795.1,18795.1,17514.2,17638.45
2020-05-19 09:15:00,18037.15,18175.3,17390.65,17520.55
2020-05-20 09:15:00,17486.5,18002.65,17407.7,17939.7
2020-05-21 09:15:00,17901.95,18200.7,17658.55,17740.15
2020-05-22 09:15:00,17554.25,17952.25,17105.0,17359.5
2020-05-26 09:15:00,17537.65,17681.7,17311.25,17506.5
2020-05-27 09:15:00,17603.4,18874.25,17560.35,18711.95
2020-05-28 09:15:00,18924.45,19455.55,18818.95,19156.3
2020-05-29 09:15:00,18962.0,19358.05,18729.9,19212.45
2020-06-01 09:15:00,19728.9,20225.35,19632.9,19917.7
2020-06-02 09:15:00,20120.6,20615.75,19852.55,20612.95
2020-06-03 09:15:00,20966.6,21619.55,20822.0,20918.5
2020-06-04 09:15:00,20932.35,21141.8,20316.2,20379.35
2020-06-05 09:15:00,20516.4,21198.7,20425.05,21177.4
2020-06-08 09:15:00,21636.1,21807.4,20911.25,21223.75
2020-06-09 09:15:00,21295.5,21568.85,20629.7,20653.85
2020-06-10 09:15:00,20760.95,21251.45,20671.55,21240.25
2020-06-11 09:15:00,21084.7,21244.45,20458.3,20534.4
2020-06-12 09:15:00,19529.3,20747.7,19526.1,20600.05
2020-06-15 09:15:00,20457.15,20470.85,19740.2,19926.5
2020-06-16 09:15:00,20500.65,20638.85,19507.05,20251.8
2020-06-17 09:15:00,20137.45,20627.9,19978.15,20197.1
2020-06-18 09:15:00,20137.6,21028.35,20030.35,20922.2
2020-06-19 09:15:00,20970.1,21467.65,20878.25,21332.95
2020-06-22 09:15:00,21491.55,22078.25,21425.55,21742.3
2020-06-23 09:15:00,21859.25,22322.3,21647.8,22314.8
2020-06-24 09:15:00,22479.35,22479.55,21336.35,21456.8
2020-06-25 09:15:00,21218.05,21703.5,20926.45,21504.75
2020-06-26 09:15:00,21735.05,21784.65,21320.1,21661.75
2020-06-29 09:15:00,21291.55,21440.05,21026.45,21370.25
2020-06-30 09:15:00,21524.3,21650.5,21212.0,21378.25
2020-07-01 09:15:00,21354.1,22061.6,21281.85,21892.55
2020-07-02 09:15:00,22133.8,22344.85,21890.5,21992.6
2020-07-03 09:15:00,22101.75,22130.3,21768.0,21854.0
2020-07-06 09:15:00,22270.95,22399.25,22171.05,22204.4
2020-07-07 09:15:00,22254.3,22674.5,22040.35,22570.55
2020-07-08 09:15:00,22700.9,23080.6,22499.5,22568.2
2020-07-09 09:15:00,22753.15,22998.3,22673.4,22954.9
2020-07-10 09:15:00,22720.95,22835.2,22320.05,22401.7
2020-07-13 09:15:00,22613.25,22657.4,21981.65,22113.45
2020-07-14 09:15:00,21877.6,21909.7,21222.45,21420.0
2020-07-15 09:15:00,21634.25,21935.5,21230.55,21414.05
2020-07-16 09:15:00,21453.25,21671.25,21027.85,21542.45
2020-07-17 09:15:00,21608.05,22064.15,21550.8,22057.45
2020-07-20 09:15:00,22307.3,22520.45,22187.8,22281.7
2020-07-21 09:15:00,22639.85,22861.9,22597.95,22802.95
2020-07-22 09:15:00,23159.0,23211.35,22658.2,22881.8
2020-07-23 09:15:00,22854.85,23122.35,22734.9,23109.2
2020-07-24 09:15:00,22853.2,22854.05,22417.2,22676.1
2020-07-27 09:15:00,22664.6,22668.05,21801.35,21852.5
2020-07-28 09:15:00,21940.15,22233.0,21611.4,22084.1
2020-07-29 09:15:00,22075.0,22346.4,21906.35,22067.4
2020-07-30 09:15:00,22195.05,22252.6,21580.15,21652.95
2020-07-31 09:15:00,21730.55,21806.95,21375.0,21656.0
2020-08-03 09:15:00,21543.8,21543.8,21031.45,21132.6
2020-08-04 09:15:00,21248.25,21576.35,21057.75,21487.2
2020-08-05 09:15:00,21686.85,21936.5,21448.4,21556.3
2020-08-06 09:15:00,21644.25,21926.55,21370.3,21666.75
2020-08-07 09:15:00,21620.25,21787.25,21451.3,21762.0
2020-08-10 09:15:00,21824.9,22071.95,21795.1,21927.15
2020-08-11 09:15:00,22050.2,22277.6,22039.85,22244.7
2020-08-12 09:15:00,22135.95,22326.55,21990.2,22244.45
2020-08-13 09:15:00,22395.2,22439.95,22139.6,22225.65
2020-08-14 09:15:00,22334.95,22334.95,21459.1,21695.65
2020-08-17 09:15:00,21906.95,21909.4,21403.15,21755.2
2020-08-18 09:15:00,21702.0,22227.75,21629.4,22159.7
2020-08-19 09:15:00,22315.4,22419.35,22234.25,22295.7
2020-08-20 09:15:00,21989.9,22079.9,21886.7,21980.65
2020-08-21 09:15:00,22190.7,22344.05,22165.05,22317.7
2020-08-24 09:15:00,22436.85,22897.5,22410.05,22811.2
2020-08-25 09:15:00,22973.4,23180.3,22857.9,23102.9
2020-08-26 09:15:00,23175.55,23453.4,23093.15,23437.8
2020-08-27 09:15:00,23511.45,23704.05,23464.15,23635.8
2020-08-28 09:15:00,23635.3,24611.8,23599.2,24577.0
2020-08-31 09:15:00,25038.8,25232.6,23385.3,23668.75
2020-09-01 09:15:00,23893.8,24199.65,23473.15,23847.4
2020-09-02 09:15:00,23769.0,23926.15,23482.55,23879.4
2020-09-03 09:15:00,23986.15,24051.6,23451.65,23576.25
2020-09-04 09:15:00,23119.15,23394.8,22876.9,23084.2
2020-09-07 09:15:00,23036.25,23109.1,22716.25,22979.8
2020-09-08 09:15:00,22971.2,23064.15,22641.4,22664.5
2020-09-09 09:15:00,22486.7,22554.6,22080.4,22293.85
2020-09-10 09:15:00,22466.55,22678.65,22225.25,22490.7
2020-09-11 09:15:00,22509.95,22668.75,22205.95,22509.35
2020-09-14 09:15:00,22683.35,22757.3,22028.15,22091.15
2020-09-15 09:15:00,22202.8,22514.15,22062.35,22512.35
2020-09-16 09:15:00,22476.3,22659.4,22216.5,22545.15
2020-09-17 09:15:00,22352.0,22504.45,22267.05,22324.45
2020-09-18 09:15:00,22439.35,22469.4,21784.9,22063.4
2020-09-21 09:15:00,21983.4,22098.85,21274.3,21292.75
2020-09-22 09:15:00,21445.25,21473.35,20958.45,21188.35
2020-09-23 09:15:00,21350.8,21365.05,20821.0,21247.3
2020-09-24 09:15:00,20898.8,20955.6,20404.9,20475.15
2020-09-25 09:15:00,20740.8,21064.3,20430.7,20934.25
2020-09-28 09:15:00,21152.05,21708.85,21055.1,21704.4
2020-09-29 09:15:00,21770.9,21811.5,21280.6,21436.15
2020-09-30 09:15:00,21405.25,21549.35,21128.5,21416.85
2020-10-01 09:15:00,21685.25,22293.75,21664.15,22234.55
2020-10-05 09:15:00,22352.1,22768.55,22247.25,22370.6
2020-10-06 09:15:00,22673.05,22893.5,22521.05,22836.8
2020-10-07 09:15:00,22836.95,23036.2,22607.8,22958.65
2020-10-08 09:15:00,23150.25,23450.9,23063.6,23171.95
2020-10-09 09:15:00,23312.6,23904.1,23132.45,23888.1
2020-10-12 09:15:00,23955.6,24190.35,23552.6,23706.9
2020-10-13 09:15:00,23663.05,23775.15,23431.5,23443.6
2020-10-14 09:15:00,23353.15,23962.7,23149.45,23858.65
2020-10-15 09:15:00,23920.35,24087.85,22970.95,23035.5
2020-10-16 09:15:00,23219.85,23646.2,23148.95,23528.4
2020-10-19 09:15:00,23902.9,24320.95,23754.85,24227.8
2020-10-20 09:15:00,24117.35,24410.9,24039.85,24303.95
2020-10-21 09:15:00,24444.2,24823.6,24099.85,24642.7
2020-10-22 09:15:00,24447.35,24691.15,24250.2,24479.3
2020-10-23 09:15:00,24669.2,24764.15,24360.85,24473.95
2020-10-26 09:15:00,24525.8,24577.3,23867.75,24101.55
2020-10-27 09:15:00,24288.05,24809.65,23924.2,24776.6
2020-10-28 09:15:00,24737.85,24780.7,24057.95,24277.4
2020-10-29 09:15:00,24063.5,24339.1,23822.05,24088.25
2020-10-30 09:15:00,24090.15,24277.35,23612.7,23898.85
2020-11-02 09:15:00,24367.6,25139.0,24120.6,24845.25
2020-11-03 09:15:00,25108.0,25760.7,25085.7,25674.35
2020-11-04 09:15:00,25539.55,25891.0,25142.0,25656.35
2020-11-05 09:15:00,26174.8,26375.2,26000.05,26316.75
2020-11-06 09:15:00,26274.1,26853.45,26135.3,26768.1
2020-11-09 09:15:00,27088.95,27595.0,27068.95,27582.25
2020-11-10 09:15:00,28039.45,28802.5,27916.9,28603.5
2020-11-11 09:15:00,28713.15,29030.9,28211.1,28886.8
2020-11-12 09:15:00,28633.75,28672.9,28066.05,28285.9
2020-11-13 09:15:00,28108.7,28520.55,27703.3,28466.0
2020-11-14 18:15:00,28685.7,28752.45,28431.85,28502.6
2020-11-17 09:15:00,28792.25,29239.25,28722.9,29216.65
2020-11-18 09:15:00,29107.9,29784.75,29056.75,29738.6
2020-11-19 09:15:00,29302.6,29627.2,28819.55,28837.65
2020-11-20 09:15:00,28935.75,29406.7,28580.9,29150.35
2020-11-23 09:15:00,29432.8,29492.3,28852.9,29031.45
2020-11-24 09:15:00,29265.6,29827.8,29206.75,29802.55
2020-11-25 09:15:00,30021.9,30197.85,29132.3,29196.65
2020-11-26 09:15:00,29370.4,29623.0,28923.1,29603.2
2020-11-27 09:15:00,29622.0,29716.85,29368.7,29584.55
2020-12-01 09:15:00,29767.35,29919.75,29511.0,29774.1
2020-12-02 09:15:00,29876.7,29886.25,29149.9,29431.3
2020-12-03 09:15:00,29728.9,29813.0,29379.4,29484.35
2020-12-04 09:15:00,29573.4,30162.3,29473.5,30138.3
2020-12-07 09:15:00,30062.6,30354.2,29950.6,30189.2
2020-12-08 09:15:00,30300.3,30363.8,30025.2,30237.4
2020-12-09 09:15:00,30335.05,30807.25,30326.7,30695.2
2020-12-10 09:15:00,30545.35,30610.0,30202.1,30514.9
2020-12-11 09:15:00,30555.3,30811.8,30328.45,30600.8
2020-12-14 09:15:00,30735.15,30845.8,30624.25,30746.05
2020-12-15 09:15:00,30805.4,30805.85,30345.75,30662.5
2020-12-16 09:15:00,30920.35,30932.25,30587.1,30667.7
2020-12-17 09:15:00,30791.2,30945.2,30643.9,30835.95
2020-12-18 09:15:00,30841.85,30854.05,30374.5,30652.45
2020-12-21 09:15:00,30595.8,30607.5,29201.2,29332.3
2020-12-22 09:15:00,29607.5,29711.15,28976.75,29633.85
2020-12-23 09:15:00,29560.75,29941.4,29446.0,29933.95
2020-12-24 09:15:00,30071.65,30545.85,30007.8,30374.7
2020-12-28 09:15:00,30558.85,30929.05,30538.15,30916.45
2020-12-29 09:15:00,31006.9,31359.35,31002.6,31349.6
2020-12-30 09:15:00,31479.8,31510.25,31007.15,31259.25
2020-12-31 09:15:00,31295.9,31409.5,31088.1,31237.8
2021-01-01 09:15:00,31279.85,31384.35,31188.25,31212.05
2021-01-04 09:15:00,31485.15,31489.6,30893.65,31275.15
2021-01-05 09:15:00,31041.1,31767.65,30935.55,31705.6
2021-01-06 09:15:00,31839.95,31982.3,31548.15,31739.4
2021-01-07 09:15:00,32129.8,32177.4,31911.5,31971.5
2021-01-08 09:15:00,32298.05,32298.05,32002.95,32078.15
2021-01-11 09:15:00,32280.3,32288.45,31836.95,32016.05
2021-01-12 09:15:00,31835.05,32397.95,31725.85,32353.85
2021-01-13 09:15:00,32556.45,32683.5,32148.25,32540.55
2021-01-14 09:15:00,32526.7,32718.95,32442.35,32561.35
2021-01-15 09:15:00,32508.9,32544.8,32044.35,32255.95
2021-01-18 09:15:00,32275.15,32441.5,31650.9,31678.55
2021-01-19 09:15:00,32082.9,32464.95,31863.95,32437.2
2021-01-20 09:15:00,32388.95,32607.45,32322.9,32496.95
2021-01-21 09:15:00,32732.8,32842.3,31985.55,32291.05
2021-01-22 09:15:00,32088.0,32131.4,31119.9,31177.95
2021-01-25 09:15:00,31507.15,31697.55,31013.65,31183.9
2021-01-27 09:15:00,31236.25,31287.05,30165.65,30295.75
2021-01-28 09:15:00,29812.3,30464.4,29687.7,30347.55
2021-01-29 09:15:00,30700.65,31111.95,30254.55,30612.8
2021-02-01 09:15:00,30987.05,33305.3,30906.45,33269.1
2021-02-02 09:15:00,33589.05,34652.5,33583.15,34315.3
2021-02-03 09:15:00,34555.6,34908.05,34011.9,34696.45
2021-02-04 09:15:00,34548.9,35413.15,34238.9,35322.35
2021-02-05 09:15:00,35634.95,36615.2,35545.0,35753.85
2021-02-08 09:15:00,36073.85,36466.45,35872.25,35995.5
2021-02-09 09:15:00,36058.8,36477.15,35636.85,35996.65
2021-02-10 09:15:00,36042.35,36227.2,35428.15,35901.65
2021-02-11 09:15:00,35687.25,36009.45,35573.3,35789.05
2021-02-12 09:15:00,35736.6,36322.8,35700.25,36124.2
2021-02-15 09:15:00,36501.4,37449.9,36405.1,37426.55
2021-02-16 09:15:00,37492.6,37708.75,36762.75,37127.45
2021-02-17 09:15:00,37041.95,37331.45,36764.25,36864.55
2021-02-18 09:15:00,37108.75,37108.75,36367.45,36604.5
2021-02-19 09:15:00,36371.55,36656.2,35584.6,35928.7
2021-02-22 09:15:00,35874.3,36128.9,35097.55,35165.5
2021-02-23 09:15:00,35540.55,35680.85,34976.0,35123.95
2021-02-24 09:15:00,35211.3,36567.65,35060.65,36512.3
2021-02-25 09:15:00,36763.15,37232.2,36494.0,36544.45
2021-02-26 09:15:00,35806.65,35902.9,34658.7,34849.4
2021-03-01 09:15:00,35374.25,35581.1,34983.75,35339.25
2021-03-02 09:15:00,35458.15,35747.05,35002.45,35473.95
2021-03-03 09:15:00,35754.45,36455.15,35570.55,36347.1
2021-03-04 09:15:00,35575.65,36316.4,35519.25,35834.15
2021-03-05 09:15:00,35458.5,35616.05,34893.25,35333.8
2021-03-08 09:15:00,35462.45,35827.3,35090.75,35307.05
2021-03-09 09:15:00,35705.9,36077.8,35544.95,35841.3
2021-03-10 09:15:00,36112.25,36176.9,35764.35,35945.15
2021-03-12 09:15:00,36497.35,36497.35,35188.05,35453.0
2021-03-15 09:15:00,35544.25,35544.25,34430.65,35213.95
2021-03-16 09:15:00,35352.0,35405.05,34744.6,34814.2
2021-03-17 09:15:00,34905.05,35100.5,34131.5,34140.85
2021-03-18 09:15:00,34577.5,34759.85,33597.55,33912.4
2021-03-19 09:15:00,33590.4,34355.4,33361.0,34115.1
2021-03-22 09:15:00,34088.4,34148.9,33389.15,33659.85
2021-03-23 09:15:00,33747.95,34360.05,33622.0,34212.3
2021-03-24 09:15:00,33894.7,33970.65,33203.4,33370.3
2021-03-25 09:15:00,33420.75,33550.15,32415.25,33032.45
2021-03-26 09:15:00,33605.05,33610.65,33166.1,33445.15
2021-03-30 09:15:00,33615.9,33990.8,33564.55,33893.55
2021-03-31 09:15:00,33764.8,33773.1,33151.8,33340.05
2021-04-01 09:15:00,33588.0,33949.15,33208.75,33905.35
2021-04-05 09:15:00,33649.15,33697.75,32330.15,32714.45
2021-04-06 09:15:00,32915.65,33007.65,32338.4,32540.9
2021-04-07 09:15:00,32529.7,33191.7,32141.55,32958.6
2021-04-08 09:15:00,33154.2,33306.8,32704.75,32798.4
2021-04-09 09:15:00,32636.9,32972.15,32329.95,32446.55
2021-04-12 09:15:00,31637.9,31698.05,30520.3,30904.95
2021-04-13 09:15:00,30901.8,31885.45,30722.85,31760.95
2021-04-15 09:15:00,31929.1,32187.05,31406.4,32153.8
2021-04-16 09:15:00,32161.45,32325.15,31911.9,31946.15
2021-04-19 09:15:00,30993.45,31304.3,30405.65,31206.6
2021-04-20 09:15:00,31568.95,31731.65,30891.0,31074.75
2021-04-22 09:15:00,30763.5,31834.5,30555.25,31726.55
2021-04-23 09:15:00,31490.6,32148.4,31377.15,31625.85
2021-04-26 09:15:00,32316.65,32603.7,32144.8,32271.2
2021-04-27 09:15:00,32228.95,32807.1,32152.95,32760.25
2021-04-28 09:15:00,32865.5,33777.7,32840.3,33662.65
2021-04-29 09:15:00,33901.6,34287.0,33304.6,33664.2
2021-04-30 09:15:00,33112.4,33455.25,32663.4,32714.35
2021-05-03 09:15:00,32368.55,32566.6,31906.55,32535.55
2021-05-04 09:15:00,32610.4,33011.55,32191.4,32293.75
2021-05-05 09:15:00,32577.1,32862.15,32068.55,32851.55
2021-05-06 09:15:00,32900.75,32956.35,32564.0,32875.7
2021-05-07 09:15:00,33041.65,33259.15,32771.35,32888.25
2021-05-10 09:15:00,33175.3,33297.6,33028.15,33191.5
2021-05-11 09:15:00,32640.95,33154.3,32611.7,32836.25
2021-05-12 09:15:00,32717.65,32747.7,32352.3,32454.6
2021-05-14 09:15:00,32495.15,32622.65,32115.5,32163.35
2021-05-17 09:15:00,32437.85,33506.9,32318.7,33460.5
2021-05-18 09:15:00,33893.1,34142.85,33730.45,33954.3
2021-05-19 09:15:00,33717.1,33959.3,33608.25,33659.15
2021-05-20 09:15:00,33692.55,33833.7,33273.95,33400.75
2021-05-21 09:15:00,33559.8,34694.45,33559.75,34686.35
2021-05-24 09:15:00,34869.3,35216.1,34528.3,34835.35
2021-05-25 09:15:00,35095.0,35125.85,34410.4,34706.55
2021-05-26 09:15:00,34757.15,34897.95,34462.5,34674.7
2021-05-27 09:15:00,34664.2,35220.8,34529.7,35134.3
2021-05-28 09:15:00,35345.65,35436.65,34977.2,35222.65
2021-05-31 09:15:00,35097.45,35584.3,34930.1,35484.55
2021-06-01 09:15:00,35639.75,35713.9,35241.2,35333.75
2021-06-02 09:15:00,35271.6,35415.85,35070.3,35397.4
2021-06-03 09:15:00,35536.45,35723.7,35413.0,35653.7
2021-06-04 09:15:00,35657.85,35810.9,35176.15,35345.1
2021-06-07 09:15:00,35460.8,35545.85,35338.55,35403.05
2021-06-08 09:15:00,35433.8,35449.5,34962.65,35083.5
2021-06-09 09:15:00,35114.25,35402.45,34641.2,34808.7
2021-06-10 09:15:00,34903.6,35165.65,34734.4,35146.0
2021-06-11 09:15:00,35324.65,35344.0,34891.3,35055.4
2021-06-14 09:15:00,34936.55,34995.15,34374.35,34934.4
2021-06-15 09:15:00,35038.05,35317.4,34917.9,35225.55
2021-06-16 09:15:00,35196.25,35380.0,34916.2,34986.75
2021-06-17 09:15:00,34619.8,34882.4,34458.1,34532.7
2021-06-18 09:15:00,34735.15,34787.4,33908.95,34692.25
2021-06-21 09:15:00,34109.45,34927.65,33937.5,34874.3
2021-06-22 09:15:00,35084.9,35281.9,34664.35,34716.5
2021-06-23 09:15:00,34911.85,34937.65,34525.45,34590.5
2021-06-24 09:15:00,34687.7,34935.3,34592.35,34860.75
2021-06-25 09:15:00,34916.65,35491.95,34915.85,35327.5
2021-06-28 09:15:00,35488.2,35576.95,35236.45,35401.4
2021-06-29 09:15:00,35320.45,35337.45,34913.7,35011.85
2021-06-30 09:15:00,35001.9,35214.9,34730.45,34780.55
2021-07-01 09:15:00,34866.0,34917.65,34650.95,34726.25
2021-07-02 09:15:00,34728.1,34894.45,34632.6,34829.15
2021-07-05 09:15:00,35010.95,35234.3,34926.4,35218.6
2021-07-06 09:15:00,35173.6,35807.45,35165.55,35530.45
2021-07-07 09:15:00,35550.6,35795.75,35427.65,35754.65
2021-07-08 09:15:00,35603.25,35811.0,35134.65,35282.95
2021-07-09 09:15:00,35163.75,35225.2,34859.9,35090.4
2021-07-12 09:15:00,35285.05,35394.3,35060.35,35192.5
2021-07-13 09:15:00,35480.05,35727.85,35340.7,35641.15
2021-07-14 09:15:00,35585.85,35804.05,35434.75,35643.1
2021-07-15 09:15:00,35757.45,35985.25,35625.7,35901.7
2021-07-16 09:15:00,35977.95,35977.95,35674.75,35755.9
2021-07-19 09:15:00,35070.5,35347.05,34899.2,35098.4
2021-07-20 09:15:00,34791.15,34894.15,34357.35,34415.05
2021-07-22 09:15:00,34774.55,34989.1,34557.85,34708.9
2021-07-23 09:15:00,34748.35,35088.0,34404.75,35012.1
2021-07-26 09:15:00,34947.85,35138.2,34669.55,34921.85
2021-07-27 09:15:00,35029.3,35186.1,34713.55,34801.2
2021-07-28 09:15:00,34839.45,34841.55,34115.2,34558.4
2021-07-29 09:15:00,34740.3,34778.15,34495.2,34750.85
2021-07-30 09:15:00,34698.75,34738.75,34445.4,34576.15
2021-08-02 09:15:00,34760.9,34861.75,34588.25,34726.05
2021-08-03 09:15:00,34660.75,35238.45,34649.2,35199.5
2021-08-04 09:15:00,35388.15,36219.8,35313.0,35994.5
2021-08-05 09:15:00,36093.95,36077.5,35673.3,35793.85
2021-08-06 09:15:00,35875.8,36080.1,35700.45,35882.1
2021-08-09 09:15:00,35824.2,36159.85,35612.3,36014.8
2021-08-10 09:15:00,35954.55,36317.0,35890.5,36009.55
2021-08-11 09:15:00,36218.25,36227.55,35531.35,35780.35
2021-08-12 09:15:00,35825.4,35998.15,35702.9,35991.75
2021-08-13 09:15:00,36000.75,36233.3,35937.1,36141.45
2021-08-16 09:15:00,36100.65,36261.55,36032.4,36043.75
2021-08-17 09:15:00,35935.05,35993.7,35611.85,35880.3
2021-08-18 09:15:00,36222.5,36248.9,35432.0,35480.95
2021-08-20 09:15:00,35146.5,35306.5,34926.5,35029.8
2021-08-23 09:15:00,35424.2,35427.4,34817.5,35083.8
2021-08-24 09:15:00,35200.75,35795.3,35070.0,35680.45
2021-08-25 09:15:00,35768.85,35910.3,35499.65,35554.65
2021-08-26 09:15:00,35485.95,35785.8,35411.8,35603.4
2021-08-27 09:15:00,35559.75,35727.9,35359.25,35608.0
2021-08-30 09:15:00,35781.05,36398.45,35721.9,36357.3
2021-08-31 09:15:00,36367.4,36552.8,36216.2,36389.15
2021-09-01 09:15:00,36591.45,36997.7,36487.15,36512.8
2021-09-02 09:15:00,36588.4,36895.55,36469.0,36875.35
2021-09-03 09:15:00,36883.65,37140.0,36563.2,36763.25
2021-09-06 09:15:00,36878.25,36923.65,36554.45,36588.25
2021-09-07 09:15:00,36558.85,36685.85,36151.95,36465.0
2021-09-08 09:15:00,36519.7,36855.9,36393.6,36850.9
2021-09-09 09:15:00,36725.5,36857.2,36566.7,36670.3
2021-09-13 09:15:00,36608.45,36724.85,36327.05,36496.55
2021-09-14 09:15:00,36639.95,36756.0,36529.65,36614.95
2021-09-15 09:15:00,36543.55,36949.7,36496.05,36860.95
2021-09-16 09:15:00,36946.0,37720.15,36907.75,37682.9
2021-09-17 09:15:00,37929.5,38112.75,37396.05,37892.7
2021-09-20 09:15:00,37388.2,37802.75,37068.45,37114.95
2021-09-21 09:15:00,37238.4,37340.7,36525.95,37298.35
2021-09-22 09:15:00,37277.1,37328.6,36885.6,36987.2
2021-09-23 09:15:00,37241.25,37830.75,37216.15,37811.3
2021-09-24 09:15:00,37954.0,38112.6,37680.0,37783.5
2021-09-27 09:15:00,38054.75,38355.2,37968.2,38171.75
2021-09-28 09:15:00,38360.0,38377.25,37315.2,37867.8
2021-09-29 09:15:00,37601.1,37923.45,37371.05,37741.8
2021-09-30 09:15:00,37677.8,37884.85,37354.25,37411.05
2021-10-01 09:15:00,37140.4,37299.4,36876.35,37229.05
2021-10-04 09:15:00,37392.15,37670.7,37355.6,37602.7
2021-10-05 09:15:00,37499.8,37786.6,37364.75,37742.7
2021-10-06 09:15:00,37768.8,38106.85,37452.0,37479.4
2021-10-07 09:15:00,37894.0,37923.65,37650.25,37756.0
2021-10-08 09:15:00,37906.4,38105.2,37674.35,37835.3
2021-10-11 09:15:00,37782.75,38495.3,37744.65,38290.05
2021-10-12 09:15:00,38178.35,38609.6,38144.6,38516.05
2021-10-13 09:15:00,38735.3,38779.05,38502.7,38584.25
2021-10-14 09:15:00,38744.0,39375.05,38673.0,39329.35
2021-10-18 09:15:00,39794.25,39947.6,39569.55,39668.35
2021-10-19 09:15:00,39927.3,40011.15,39394.25,39569.4
2021-10-20 09:15:00,39545.45,39774.55,39292.8,39557.35
2021-10-21 09:15:00,39643.6,40200.45,39428.1,40164.75
2021-10-22 09:15:00,40192.65,40587.35,40149.55,40325.7
2021-10-25 09:15:00,40961.25,41829.6,40508.1,41266.4
2021-10-26 09:15:00,41057.75,41367.25,40829.15,41297.25
2021-10-27 09:15:00,41234.55,41347.0,40750.0,40800.25
2021-10-28 09:15:00,40931.05,40931.05,39350.2,39559.9
2021-10-29 09:15:00,39424.55,39775.25,38426.65,39270.55
2021-11-01 09:15:00,39432.15,39862.6,39120.65,39834.75
2021-11-02 09:15:00,39796.9,40107.6,39590.7,39901.55
2021-11-03 09:15:00,40040.65,40160.2,39304.85,39416.45
2021-11-04 14:47:00,39402.05,39734.7,39402.05,39564.1
2021-11-08 09:15:00,39674.05,39674.05,38932.15,39487.05
2021-11-09 09:15:00,39517.85,39560.6,39223.4,39401.7
2021-11-10 09:15:00,39206.2,39220.3,38873.8,39022.8
2021-11-11 09:15:00,38913.05,38929.95,38346.05,38571.6
2021-11-12 09:15:00,38707.15,38822.85,38467.8,38751.85
2021-11-15 09:15:00,38849.45,39117.15,38606.6,38679.4
2021-11-16 09:15:00,38710.9,38724.7,38211.1,38239.55
2021-11-17 09:15:00,38113.4,38456.3,37981.2,38006.05
2021-11-18 09:15:00,38071.9,38233.95,37748.45,37941.95
2021-11-22 09:15:00,38232.15,38241.0,36655.4,37252.3
2021-11-23 09:15:00,36787.0,37448.75,36647.55,37257.55
2021-11-24 09:15:00,37384.75,37891.9,37238.05,37346.7
2021-11-25 09:15:00,37362.05,37507.95,37118.4,37382.25
2021-11-26 09:15:00,36830.9,36868.9,35904.1,35951.9
2021-11-29 09:15:00,36224.45,36347.85,35327.9,35934.7
2021-11-30 09:15:00,35958.8,36774.2,35526.35,35600.45
2021-12-01 09:15:00,35902.9,36445.35,35805.0,36384.8
2021-12-02 09:15:00,36281.85,36563.5,36166.7,36535.65
2021-12-03 09:15:00,36497.3,36844.0,36062.85,36213.6
2021-12-06 09:15:00,36252.75,36344.55,35696.75,35736.65
2021-12-07 09:15:00,36086.95,36820.7,36013.95,36621.4
2021-12-08 09:15:00,37052.75,37384.8,36905.15,37268.3
2021-12-09 09:15:00,37331.75,37397.55,36884.45,37049.95
2021-12-10 09:15:00,37083.15,37153.25,36824.4,37104.0
2021-12-13 09:15:00,37358.2,37581.05,36861.9,36962.2
2021-12-14 09:15:00,36778.95,37039.05,36545.4,36894.75
2021-12-15 09:15:00,36929.5,37083.5,36743.2,36769.25
2021-12-16 09:15:00,37092.95,37159.3,36385.75,36585.45
2021-12-17 09:15:00,36491.8,36550.75,35535.05,35679.85
2021-12-20 09:19:00,35124.35,35231.1,34018.45,34436.5
2021-12-21 09:15:00,34863.35,35050.0,34389.95,34664.75
2021-12-22 09:15:00,34865.25,35112.1,34687.6,35095.25
2021-12-23 09:15:00,35350.5,35477.3,35046.25,35082.85
2021-12-24 09:15:00,35282.2,35327.95,34583.4,34879.65
2021-12-27 09:15:00,34573.65,35143.7,34233.0,35107.35
2021-12-28 09:15:00,35308.3,35352.4,35037.9,35173.35
2021-12-29 09:15:00,35168.85,35378.3,34890.8,34946.45
2021-12-30 09:15:00,34977.65,35179.05,34751.25,35131.1
2021-12-31 09:15:00,35114.4,35596.95,35113.75,35510.95
2022-01-03 09:15:00,35585.2,36492.1,35526.6,36467.65
2022-01-04 09:15:00,36551.25,36887.8,36374.4,36856.75
2022-01-05 09:15:00,36943.55,37862.4,36756.35,37644.9
2022-01-06 09:15:00,37242.55,37752.5,37058.45,37470.45
2022-01-07 09:15:00,37667.05,38134.85,37427.8,37755.1
2022-01-10 09:15:00,37930.55,38400.35,37929.35,38344.95
2022-01-11 09:15:00,38370.0,38504.6,38031.75,38433.55
2022-01-12 09:15:00,38719.6,38851.45,38604.6,38708.85
2022-01-13 09:15:00,38717.55,38717.55,38376.15,38465.7
2022-01-14 09:15:00,38302.35,38448.05,38007.75,38312.8
2022-01-17 09:15:00,38212.55,38617.5,38138.25,38243.85
2022-01-18 09:15:00,38337.4,38855.55,38095.4,38214.8
2022-01-19 09:15:00,38145.75,38330.5,37769.25,38058.85
2022-01-20 09:15:00,38106.1,38167.95,37591.85,37908.65
2022-01-21 09:15:00,37522.35,37741.0,37224.25,37738.65
2022-01-24 09:15:00,37601.95,37694.7,36375.35,36834.9
2022-01-25 09:15:00,36598.05,37788.8,36415.6,37714.0
2022-01-27 09:15:00,37058.2,38147.65,37012.25,38094.9
2022-01-28 09:15:00,38246.6,38421.7,37581.5,37687.5
2022-01-31 09:15:00,38091.8,38217.25,37647.85,37957.65
2022-02-01 09:15:00,38460.45,38802.7,37690.6,38568.7
2022-02-02 09:15:00,38841.55,39386.6,38752.65,39338.2
2022-02-03 09:15:00,39255.7,39424.85,38861.15,38880.6
2022-02-04 09:15:00,39128.0,39278.6,38562.6,38735.55
2022-02-07 09:15:00,38592.05,38837.55,37802.7,37990.2
2022-02-08 09:15:00,38176.1,38222.1,37319.05,37942.65
2022-02-09 09:15:00,38283.6,38648.15,38192.0,38602.4
2022-02-10 09:15:00,38801.45,39197.2,38520.0,38962.25
2022-02-11 09:15:00,38567.65,38790.25,38396.4,38434.35
2022-02-14 09:15:00,37664.0,37796.55,36828.05,36847.45
2022-02-15 09:15:00,36989.8,38231.6,36651.85,38152.85
2022-02-16 09:15:00,38296.5,38461.7,37762.8,37863.65
2022-02-17 09:15:00,38042.1,38124.5,37425.6,37458.9
2022-02-18 09:15:00,37344.45,37817.55,37304.45,37570.6
2022-02-21 09:15:00,37400.0,38054.4,37156.8,37702.7
2022-02-22 09:15:00,36833.0,37659.4,36818.1,37340.8
2022-02-23 09:15:00,37628.55,37774.6,37318.0,37358.15
2022-02-24 09:15:00,36085.2,36709.15,34991.35,35095.25
2022-02-25 09:15:00,35901.7,36684.65,35768.2,36485.4
2022-02-28 09:15:00,35938.95,36270.25,35611.9,36211.6
2022-03-02 09:15:00,35381.9,35553.7,34897.45,35475.8
2022-03-03 09:15:00,35621.15,35804.15,34721.15,34959.45
2022-03-04 09:15:00,34526.1,35097.75,34094.1,34376.35
2022-03-07 09:15:00,33278.15,33543.3,32376.5,32914.55
2022-03-08 09:15:00,32531.9,33263.55,32155.35,33206.9
2022-03-09 09:15:00,33278.9,33969.5,32948.9,33891.25
2022-03-10 09:15:00,35153.95,35374.15,34218.05,34400.7
2022-03-11 09:15:00,34331.0,34880.05,34094.3,34546.7
2022-03-14 09:15:00,34660.25,35435.1,34625.05,35343.65
2022-03-15 09:15:00,35467.95,35643.8,34706.05,34941.7
2022-03-16 09:15:00,35555.75,35806.35,35461.55,35689.3
2022-03-17 09:15:00,36302.0,36611.95,36261.65,36388.55
2022-03-21 09:15:00,36545.85,36600.2,35900.2,36046.15
2022-03-22 09:15:00,35975.6,36468.8,35384.75,36439.95
2022-03-23 09:15:00,36627.7,36827.6,36064.75,36084.95
2022-03-24 09:15:00,35633.7,35957.7,35421.7,35526.85
2022-03-25 09:15:00,35700.4,35717.4,35203.85,35536.45
2022-03-28 09:15:00,35488.7,35770.8,35016.3,35749.25
2022-03-29 09:15:00,35931.75,35977.2,35506.55,35923.9
2022-03-30 09:15:00,36241.55,36421.1,36070.55,36324.35
2022-03-31 09:15:00,36457.2,36590.85,36278.15,36371.0
2022-04-01 09:15:00,36298.35,37209.8,36242.35,37158.9
2022-04-04 09:15:00,37824.95,38765.85,37665.55,38600.85
2022-04-05 09:15:00,38731.3,38759.25,37935.95,37968.0
2022-04-06 09:15:00,37711.3,37868.5,37513.85,37591.55
2022-04-07 09:15:00,37421.75,37975.9,37346.8,37599.3
2022-04-08 09:15:00,37619.7,37884.2,37405.2,37803.1
2022-04-11 09:15:00,37591.75,37941.75,37524.45,37645.75
2022-04-12 09:15:00,37407.4,37920.6,37264.45,37747.85
2022-04-13 09:15:00,37887.3,37988.6,37408.2,37439.8
2022-04-18 09:15:00,36833.15,36965.85,36441.35,36791.6
2022-04-19 09:15:00,36806.8,37123.55,35926.3,36070.65
2022-04-20 09:15:00,36482.6,36513.85,36114.05,36351.55
2022-04-21 09:15:00,36513.1,36913.35,36395.7,36911.25
2022-04-22 09:15:00,36514.15,36578.95,35991.5,36008.2
2022-04-25 09:15:00,35792.35,36270.15,35511.4,36192.85
2022-04-26 09:15:00,36515.35,36604.55,36265.9,36390.15
2022-04-27 09:15:00,36067.55,36175.9,35747.15,36045.85
2022-04-28 09:15:00,36189.95,36501.1,35951.1,36424.0
2022-04-29 09:15:00,36474.05,36718.8,35978.95,36063.75
2022-05-02 09:15:00,35627.6,36235.25,35618.2,36138.45
2022-05-04 09:15:00,36266.15,36309.3,35127.85,35317.55
2022-05-05 09:15:00,35705.35,35934.85,35133.8,35160.1
2022-05-06 09:15:00,34569.1,34797.95,34353.2,34681.5
2022-05-09 09:15:00,34091.75,34554.35,33927.2,34321.05
2022-05-10 09:15:00,34181.2,34781.8,34176.8,34418.2
2022-05-11 09:15:00,34686.3,34793.2,34143.2,34776.25
2022-05-12 09:15:00,34289.1,34341.2,33297.65,33559.55
2022-05-13 09:15:00,33925.95,34002.2,33007.9,33086.35
2022-05-16 09:15:00,33256.0,33821.65,33001.75,33643.35
2022-05-17 09:15:00,33796.2,34366.05,33680.6,34346.75
2022-05-18 09:15:00,34448.2,34655.8,34134.7,34198.35
2022-05-19 09:15:00,33461.0,33633.95,33180.6,33359.0
2022-05-20 09:15:00,33765.15,34358.05,33658.05,34311.55
2022-05-23 09:15:00,34321.4,34819.95,34117.35,34157.8
2022-05-24 09:15:00,34223.2,34586.45,34115.8,34305.7
2022-05-25 09:15:00,34491.8,34722.6,34285.8,34313.9
2022-05-26 09:15:00,34670.6,35222.05,34424.75,35199.2
2022-05-27 09:15:00,35326.6,35694.85,35291.95,35617.7
2022-05-30 09:15:00,35958.8,36083.7,35748.45,35832.05
2022-05-31 09:15:00,35615.3,35881.95,35288.95,35362.85
2022-06-01 09:15:00,35358.95,35768.7,35285.45,35679.7
2022-06-02 09:15:00,35470.95,35676.2,35385.0,35610.6
2022-06-03 09:15:00,35929.55,35958.45,35175.1,35296.45
2022-06-06 09:15:00,35159.15,35424.5,35072.3,35314.05
2022-06-07 09:15:00,35080.8,35154.3,34834.4,34972.05
2022-06-08 09:15:00,35165.65,35449.9,34831.75,34888.75
2022-06-09 09:15:00,34802.25,35149.1,34659.1,35116.8
2022-06-10 09:15:00,34686.95,34752.45,34346.65,34479.4
2022-06-13 09:15:00,33728.65,33774.05,33210.35,33441.7
2022-06-14 09:15:00,33180.6,33618.15,33123.9,33329.55
2022-06-15 09:15:00,33317.8,33554.55,33249.55,33330.0
2022-06-16 09:15:00,33648.8,33756.5,32537.95,32573.8
2022-06-17 09:15:00,32393.45,32889.8,32290.55,32857.05
2022-06-20 09:15:00,32873.4,32926.1,32426.4,32699.45
2022-06-21 09:15:00,32978.05,33593.8,32797.55,33186.55
2022-06-22 09:15:00,33051.65,33106.95,32758.15,32793.5
2022-06-23 09:15:00,32927.4,33431.75,32652.15,33171.05
2022-06-24 09:15:00,33434.8,33721.9,33390.85,33655.9
2022-06-27 09:15:00,34126.2,34147.5,33735.5,33814.8
2022-06-28 09:15:00,33578.2,33745.3,33503.3,33692.25
2022-06-29 09:15:00,33273.55,33422.8,33185.25,33239.25
2022-06-30 09:15:00,33180.7,33659.3,33179.6,33360.6
2022-07-01 09:15:00,33264.75,33666.5,33080.45,33605.35
2022-07-04 09:15:00,33558.85,33978.5,33515.6,33964.75
2022-07-05 09:15:00,34084.7,34361.05,33757.0,33769.4
2022-07-06 09:15:00,33929.4,34388.5,33876.15,34355.55
2022-07-07 09:15:00,34627.4,34965.75,34553.1,34935.45
2022-07-08 09:15:00,35258.9,35262.1,34977.75,35125.55
2022-07-11 09:15:00,35017.6,35543.1,35006.55,35442.2
2022-07-12 09:15:00,35298.7,35419.65,35047.5,35054.05
2022-07-13 09:15:00,35259.8,35308.15,34757.6,34818.9
2022-07-14 09:15:00,34817.95,35027.6,34558.45,34663.15
2022-07-15 09:15:00,34734.45,34899.95,34463.9,34704.85
2022-07-18 09:15:00,34843.9,35382.5,34804.4,35354.0
2022-07-19 09:15:00,35113.25,35761.65,35110.5,35708.15
2022-07-20 09:15:00,36061.3,36182.7,35876.55,35890.85
2022-07-21 09:15:00,36026.55,36331.7,35887.35,36226.15
2022-07-22 09:15:00,36322.9,36823.45,36286.35,36737.05
2022-07-25 09:15:00,36766.7,37011.2,36464.65,36667.85
2022-07-26 09:15:00,36688.55,36695.75,36334.1,36349.85
2022-07-27 09:15:00,36370.55,36808.3,36248.6,36795.4
2022-07-28 09:15:00,37102.45,37414.4,37028.5,37336.25
2022-07-29 09:15:00,37717.3,37754.65,37221.15,37486.0
2022-08-01 09:15:00,37594.15,37939.6,37407.2,37867.15
2022-08-02 09:15:00,37767.7,38179.85,37632.3,37876.3
2022-08-03 09:15:00,37954.55,38068.6,37692.95,37999.7
2022-08-04 09:15:00,38111.05,38231.85,37249.5,37687.95
2022-08-05 09:15:00,37868.25,38150.45,37779.9,37907.25
2022-08-08 09:15:00,37847.35,38302.35,37681.45,38246.25
2022-08-10 09:15:00,38298.85,38402.95,38155.3,38277.0
2022-08-11 09:15:00,38712.95,38932.1,38648.9,38835.1
2022-08-12 09:15:00,38942.45,39088.9,38739.95,39052.35
2022-08-16 09:15:00,39284.1,39444.6,39119.9,39247.3
2022-08-17 09:15:00,39351.3,39504.5,39202.8,39416.2
2022-08-18 09:15:00,39324.4,39703.7,39291.15,39670.8
2022-08-19 09:15:00,39732.65,39759.15,38848.4,38900.15
2022-08-22 09:15:00,38693.65,38732.85,38247.25,38331.2
2022-08-23 09:15:00,37955.45,38869.9,37950.85,38852.2
2022-08-24 09:15:00,38552.7,39120.8,38552.2,39087.25
2022-08-25 09:15:00,39190.05,39471.75,38803.7,38847.95
2022-08-26 09:15:00,39129.65,39337.1,38846.8,39036.6
2022-08-29 09:15:00,38111.6,38397.1,37943.85,38346.85
2022-08-30 09:15:00,38516.95,39606.55,38472.7,39520.35
2022-09-01 09:15:00,38806.7,39667.65,38803.3,39345.8
2022-09-02 09:15:00,39422.3,39595.85,39200.45,39384.05
2022-09-05 09:15:00,39412.05,39865.2,39407.4,39754.45
2022-09-06 09:15:00,39892.95,40073.75,39564.3,39673.3
2022-09-07 09:15:00,39337.75,39572.05,39258.25,39454.6
2022-09-08 09:15:00,39763.9,40265.75,39706.4,40242.1
2022-09-09 09:15:00,40520.75,40685.95,40280.3,40385.0
2022-09-12 09:15:00,40540.45,40684.9,40377.9,40561.5
2022-09-13 09:15:00,40802.1,40904.3,40693.95,40864.95
2022-09-14 09:15:00,40308.8,41626.9,40288.9,41373.65
2022-09-15 09:15:00,41533.7,41840.15,41153.5,41208.45
2022-09-16 09:15:00,40977.2,41162.5,40502.05,40825.15
2022-09-19 09:15:00,40685.6,41184.25,40509.9,40966.05
2022-09-20 09:15:00,41304.15,41677.65,41207.3,41414.7
2022-09-21 09:15:00,41282.6,41501.7,40889.15,41197.6
2022-09-22 09:15:00,40889.05,41159.2,40360.2,40637.3
2022-09-23 09:15:00,40429.35,40528.4,39412.7,39555.35
2022-09-26 09:15:00,39027.85,39229.4,38492.2,38661.45
2022-09-27 09:15:00,38811.7,39050.5,38184.9,38526.3
2022-09-28 09:15:00,38081.25,38368.8,37626.2,37676.8
2022-09-29 09:15:00,38092.85,38283.4,37536.65,37695.3
2022-09-30 09:15:00,37660.0,38811.0,37386.35,38702.75
2022-10-03 09:15:00,38444.9,38641.6,37963.25,37974.9
2022-10-04 09:15:00,38700.4,39177.5,38596.9,39121.85
2022-10-06 09:15:00,39343.7,39608.35,39232.9,39239.25
2022-10-07 09:15:00,39093.5,39235.05,38807.5,39199.4
2022-10-10 09:15:00,38641.55,39315.7,38518.3,39113.7
2022-10-11 09:15:00,39058.85,39174.95,38622.75,38646.45
2022-10-12 09:15:00,38784.2,39164.1,38606.4,39128.6
2022-10-13 09:15:00,38957.65,39061.3,38437.95,38658.1
2022-10-14 09:15:00,39446.05,39570.85,39196.3,39370.65
2022-10-17 09:15:00,39295.6,39974.7,39146.7,39959.45
2022-10-18 09:15:00,40252.05,40435.35,40139.85,40303.95
2022-10-19 09:15:00,40556.65,40643.6,40195.2,40379.95
2022-10-20 09:15:00,40149.5,40208.35,39848.85,40116.0
2022-10-21 09:15:00,40370.75,41032.25,40355.45,40881.6
2022-10-24 18:15:00,41348.35,41427.25,41201.15,41367.3
2022-10-25 09:15:00,41513.65,41530.65,41021.45,41045.5
2022-10-27 09:15:00,41440.7,41511.8,41178.65,41335.4
2022-10-28 09:15:00,41236.8,41482.4,40839.3,41034.55
2022-10-31 09:15:00,41265.7,41353.7,41106.1,41314.9
2022-11-01 09:15:00,41552.4,41677.25,41188.55,41268.6
2022-11-02 09:15:00,41472.6,41474.3,41060.45,41107.75
2022-11-03 09:15:00,40873.7,41478.0,40819.15,41304.65
2022-11-04 09:15:00,41314.85,41516.2,41051.15,41292.55
2022-11-07 09:15:00,41740.65,41779.4,41337.05,41721.6
2022-11-09 09:15:00,41914.85,41948.9,41667.9,41690.65
2022-11-10 09:15:00,41462.85,41643.9,41318.6,41593.6
2022-11-11 09:15:00,42163.4,42345.5,41918.1,42153.35
2022-11-14 09:15:00,42177.55,42231.45,41965.45,42072.7
2022-11-15 09:15:00,42234.85,42450.05,42079.55,42430.25
2022-11-16 09:15:00,42371.8,42611.75,42296.3,42498.95
2022-11-17 09:15:00,42399.65,42622.75,42366.55,42426.0
2022-11-18 09:15:00,42545.75,42590.75,42223.7,42422.65
2022-11-21 09:15:00,42286.95,42386.8,42202.55,42360.9
2022-11-22 09:15:00,42467.4,42508.75,42347.15,42475.0
2022-11-23 09:15:00,42668.55,42860.55,42556.4,42675.8
2022-11-24 09:15:00,42838.35,43163.4,42769.65,43102.15
2022-11-25 09:15:00,43192.45,43339.15,42864.95,42961.35
2022-11-28 09:15:00,42757.2,43159.8,42740.0,42983.75
2022-11-29 09:15:00,42959.4,43279.6,42959.4,43045.3
2022-11-30 09:15:00,43122.75,43332.3,42880.05,43245.2
2022-12-01 09:15:00,43512.1,43515.05,43101.85,43219.75
2022-12-02 09:15:00,42976.7,43131.9,42937.8,43098.6
2022-12-05 09:15:00,43269.35,43372.15,42985.0,43321.3
2022-12-06 09:15:00,43093.9,43306.85,43076.4,43143.15
2022-12-07 09:15:00,43157.35,43327.35,42948.45,43108.8
2022-12-08 09:15:00,43142.25,43640.9,43095.3,43629.4
2022-12-09 09:15:00,43765.3,43853.4,43361.7,43627.5
2022-12-12 09:15:00,43455.85,43767.05,43378.8,43675.1
2022-12-13 09:15:00,43793.7,43983.8,43767.75,43921.85
2022-12-14 09:15:00,44078.6,44151.8,43987.95,44014.5
2022-12-15 09:15:00,43940.1,44120.6,43379.1,43421.9
2022-12-16 09:15:00,43261.75,43598.2,43080.55,43216.6
2022-12-19 09:15:00,43346.35,43451.45,43110.3,43440.35
2022-12-20 09:15:00,43152.65,43426.2,42955.4,43407.8
2022-12-21 09:15:00,43525.75,43614.65,42363.8,42658.05
2022-12-22 09:15:00,42864.0,42933.5,42231.35,42360.55
2022-12-23 09:15:00,41951.35,42226.65,41597.65,41666.15
2022-12-26 09:15:00,41716.35,42846.15,41569.45,42631.0
2022-12-27 09:15:00,42827.75,42927.2,42394.15,42876.2
2022-12-28 09:15:00,42733.6,43034.95,42694.85,42779.2
2022-12-29 09:15:00,42684.9,43498.05,42489.8,43309.1
2022-12-30 09:15:00,43401.7,43422.95,42833.1,43038.5
2023-01-02 09:15:00,43038.25,43382.75,42961.75,43234.3
2023-01-03 09:15:00,43151.45,43482.8,43148.45,43448.35
2023-01-04 09:15:00,43417.5,43578.4,42858.65,42979.6
2023-01-05 09:15:00,43073.05,43137.55,42298.6,42615.95
2023-01-06 09:15:00,42649.7,42685.9,41877.0,42218.0
2023-01-09 09:15:00,42404.85,42716.8,42186.55,42563.5
2023-01-10 09:15:00,42642.0,42674.25,41835.75,42053.5
2023-01-11 09:15:00,42071.85,42318.0,41729.0,42190.65
2023-01-12 09:15:00,42238.5,42343.5,41742.95,42092.95
2023-01-13 09:15:00,42171.25,42453.95,41885.6,42339.25
2023-01-16 09:15:00,42622.5,42715.65,42066.55,42161.95
2023-01-17 09:15:00,42241.2,42383.8,41861.1,42281.1
2023-01-18 09:15:00,42271.8,42555.9,42119.65,42473.75
2023-01-19 09:15:00,42416.3,42506.25,42234.9,42298.9
2023-01-20 09:15:00,42516.05,42709.2,42366.15,42514.05
2023-01-23 09:15:00,42891.45,43005.85,42727.7,42755.45
2023-01-24 09:15:00,42994.45,43078.9,42615.65,42715.15
2023-01-25 09:15:00,42703.6,42733.05,41540.3,41687.6
2023-01-27 09:15:00,41382.35,41417.9,40148.8,40365.3
2023-01-30 09:15:00,39856.15,40789.55,39419.8,40467.3
2023-01-31 09:15:00,40563.85,40811.65,40167.7,40759.6
2023-02-01 09:15:00,41115.0,42015.65,39490.5,40499.25
2023-02-02 09:15:00,39943.35,40757.6,39761.45,40722.4
2023-02-03 09:15:00,41019.35,41539.95,40609.75,41480.75
2023-02-06 09:15:00,41530.15,41724.5,41261.2,41367.1
2023-02-07 09:15:00,41513.1,41630.75,41095.1,41464.4
2023-02-08 09:15:00,41542.05,41791.95,41403.05,41494.05
2023-02-09 09:15:00,41634.0,41634.0,41252.95,41576.25
2023-02-10 09:15:00,41452.4,41678.9,41424.9,41542.6
2023-02-13 09:15:00,41563.5,41662.55,41157.9,41261.35
2023-02-14 09:15:00,41410.45,41718.0,41195.75,41625.5
2023-02-15 09:15:00,41674.6,41795.45,41455.6,41756.7
2023-02-16 09:15:00,41925.7,41979.1,41521.95,41554.1
2023-02-17 09:15:00,41514.0,41516.3,40882.7,41132.0
2023-02-20 09:15:00,41221.55,41292.6,40580.1,40707.15
2023-02-21 09:15:00,40784.9,40946.2,40508.25,40696.05
2023-02-22 09:15:00,40494.15,40529.25,39899.0,39968.7
2023-02-23 09:15:00,39983.7,40147.8,39600.25,40076.05
2023-02-24 09:15:00,40259.1,40348.1,39818.9,39904.7
2023-02-27 09:15:00,39820.4,40371.45,39745.4,40355.85
2023-02-28 09:15:00,40302.7,40391.45,40073.0,40282.85
2023-03-01 09:15:00,40473.85,40725.35,40341.95,40703.45
2023-03-02 09:15:00,40604.55,40773.25,40312.9,40330.0
2023-03-03 09:15:00,40671.4,41390.15,40605.35,41236.85
2023-03-06 09:15:00,41418.4,41671.2,41259.15,41396.0
2023-03-08 09:15:00,41178.35,41625.35,41100.35,41573.5
2023-03-09 09:15:00,41532.65,41659.0,41208.1,41227.9
2023-03-10 09:15:00,40805.25,40839.0,40341.7,40488.75
2023-03-13 09:15:00,40356.1,40690.05,39454.6,39627.0
2023-03-14 09:15:00,39522.4,39768.5,39132.6,39481.35
2023-03-15 09:15:00,39777.9,39914.1,38934.65,39020.8
2023-03-16 09:15:00,39061.7,39381.4,38613.15,39210.1
2023-03-17 09:15:00,39442.4,39699.85,38926.8,39686.6
2023-03-20 09:15:00,39512.1,39512.1,38941.9,39372.15
2023-03-21 09:15:00,39599.65,39970.9,39366.3,39867.5
2023-03-22 09:15:00,40036.0,40085.6,39837.8,39958.85
2023-03-23 09:15:00,39836.15,40201.6,39552.5,39580.15
2023-03-24 09:15:00,39555.25,39767.9,39294.9,39351.8
2023-03-27 09:15:00,39484.7,39695.2,39273.75,39309.45
2023-03-28 09:15:00,39545.05,39645.2,39326.1,39605.95
2023-03-29 09:15:00,39611.55,40055.0,39609.55,40013.3
2023-03-31 09:15:00,40231.25,40690.4,40180.2,40602.35
2023-04-03 09:15:00,40695.8,40857.6,40535.9,40815.1
2023-04-05 09:15:00,40972.3,41071.15,40802.65,41008.55
2023-04-06 09:15:00,40940.7,41274.7,40820.55,41039.05
2023-04-10 09:15:00,41116.15,41139.85,40727.25,40796.45
2023-04-11 09:15:00,41232.0,41403.25,40990.2,41385.05
2023-04-12 09:15:00,41426.0,41610.15,41332.0,41577.2
2023-04-13 09:15:00,41680.1,42196.2,41502.65,42137.8
2023-04-17 09:15:00,42603.55,42603.55,41799.0,42216.7
2023-04-18 09:15:00,42409.35,42500.7,42114.35,42255.65
2023-04-19 09:15:00,42280.1,42339.9,42022.15,42151.1
2023-04-20 09:15:00,42218.5,42378.15,42108.85,42274.2
2023-04-21 09:15:00,42252.55,42382.15,41962.35,42089.25
2023-04-24 09:15:00,42469.95,42714.15,42269.1,42641.85
2023-04-25 09:15:00,42731.6,42865.55,42601.5,42654.15
2023-04-26 09:15:00,42559.05,42875.6,42432.25,42866.45
2023-04-27 09:15:00,42753.9,43043.4,42736.6,42962.1
2023-04-28 09:15:00,43045.5,43302.05,42810.35,43226.25
2023-05-02 09:15:00,43395.05,43483.85,43269.4,43305.35
2023-05-03 09:15:00,43154.85,43354.95,43078.15,43292.0
2023-05-04 09:15:00,43236.1,43739.8,43213.95,43635.9
2023-05-05 09:15:00,43110.65,43588.0,42582.2,42669.25
2023-05-08 09:15:00,42796.85,43418.55,42780.3,43314.4
2023-05-09 09:15:00,43438.55,43533.25,43125.85,43171.6
2023-05-10 09:15:00,43275.25,43383.65,42822.15,43343.85
2023-05-11 09:15:00,43535.1,43774.25,43367.25,43506.75
2023-05-12 09:15:00,43447.15,43905.95,43347.75,43794.2
2023-05-15 09:15:00,43821.05,44151.7,43666.6,44045.15
2023-05-16 09:15:00,44144.15,44144.15,43815.7,43856.0
2023-05-17 09:15:00,43948.5,43992.75,43446.4,43748.9
2023-05-18 09:15:00,44006.9,44079.2,43673.7,43770.1
2023-05-19 09:15:00,43930.0,44020.9,43531.9,43956.4
2023-05-22 09:15:00,43935.3,44026.75,43684.9,43822.5
2023-05-23 09:15:00,43978.9,44095.25,43852.2,43873.85
2023-05-24 09:15:00,43751.95,44010.45,43639.8,43662.9
2023-05-25 09:15:00,43630.25,43719.85,43390.3,43679.2
2023-05-26 09:15:00,43765.35,44067.6,43588.8,43996.5
2023-05-29 09:15:00,44276.8,44483.35,44193.95,44323.45
2023-05-30 09:15:00,44277.35,44498.6,44207.5,44457.5
2023-05-31 09:15:00,44318.0,44339.05,43822.7,44147.8
2023-06-01 09:15:00,44172.05,44179.95,43706.15,43790.0
2023-06-02 09:15:00,43997.3,44088.9,43812.55,43880.75
2023-06-05 09:15:00,44103.25,44266.15,44074.2,44099.75
2023-06-06 09:15:00,44156.7,44236.2,44009.7,44209.4
2023-06-07 09:15:00,44318.7,44346.3,44143.5,44279.6
2023-06-08 09:15:00,44208.3,44459.25,43917.9,44007.7
2023-06-09 09:15:00,44045.75,44220.1,43932.6,43990.6
2023-06-12 09:15:00,44035.2,44124.95,43874.05,43956.45
2023-06-13 09:15:00,43889.7,44138.15,43889.7,44109.05
2023-06-14 09:15:00,44181.65,44212.35,43956.15,43964.8
2023-06-15 09:15:00,44054.35,44077.45,43397.5,43453.2
2023-06-16 09:15:00,43583.35,44083.25,43536.95,43906.65
2023-06-19 09:15:00,44015.3,44040.35,43501.4,43644.05
2023-06-20 09:15:00,43597.55,43823.95,43345.95,43796.5
2023-06-21 09:15:00,43894.4,43946.7,43698.95,43863.8
2023-06-22 09:15:00,43874.8,44042.15,43663.35,43716.5
2023-06-23 09:15:00,43641.6,43824.1,43519.55,43617.05
2023-06-26 09:15:00,43714.75,43773.1,43541.75,43653.65
2023-06-27 09:15:00,43805.25,44194.65,43693.15,44164.05
2023-06-28 09:15:00,44419.5,44508.4,44163.2,44391.55
2023-06-30 09:15:00,44666.0,44787.1,44447.2,44716.95
2023-07-03 09:15:00,44957.95,45353.2,44882.1,45176.35
2023-07-04 09:15:00,45310.55,45655.5,45000.25,45283.6
2023-07-05 09:15:00,45169.7,45418.9,45073.4,45197.3
2023-07-06 09:15:00,45060.55,45417.5,45042.6,45314.85
2023-07-07 09:15:00,45118.05,45227.25,44844.8,44892.1
2023-07-10 09:15:00,44958.65,45184.3,44721.9,44869.45
2023-07-11 09:15:00,44998.0,45139.55,44663.05,44786.35
2023-07-12 09:15:00,44872.6,44937.25,44562.4,44660.25
2023-07-13 09:15:00,45009.3,45085.15,44612.2,44726.45
2023-07-14 09:15:00,44860.65,44923.85,44547.8,44891.0
2023-07-17 09:15:00,44951.2,45556.45,44695.05,45502.1
2023-07-18 09:15:00,45754.8,45905.85,45281.3,45412.0
2023-07-19 09:15:00,45622.5,45707.4,45433.0,45668.2
2023-07-20 09:15:00,45689.05,46256.2,45640.95,46171.45
2023-07-21 09:15:00,46063.95,46369.5,45925.9,46133.45
2023-07-24 09:15:00,46131.9,46191.5,45858.75,45921.4
2023-07-25 09:15:00,46154.7,46156.1,45622.85,45838.1
2023-07-26 09:15:00,45935.15,46096.6,45804.7,46043.4
2023-07-27 09:15:00,46285.85,46310.1,45570.65,45774.6
2023-07-28 09:15:00,45560.9,45727.75,45238.8,45460.7
2023-07-31 09:15:00,45546.35,45694.9,45359.75,45629.7
2023-08-01 09:15:00,45740.0,45782.75,45471.05,45598.05
2023-08-02 09:15:00,45234.65,45404.9,44720.9,44989.4
2023-08-03 09:15:00,44862.85,45038.45,44279.4,44582.05
2023-08-04 09:15:00,44754.75,45118.05,44520.55,44858.5
2023-08-07 09:15:00,44993.7,45011.35,44773.85,44833.9
2023-08-08 09:15:00,44888.95,45096.85,44817.85,44982.9
2023-08-09 09:15:00,44973.45,44975.0,44533.75,44859.8
2023-08-10 09:15:00,44797.65,44980.35,44418.4,44544.2
2023-08-11 09:15:00,44568.15,44571.25,44120.9,44262.55
2023-08-14 09:15:00,44066.6,44212.75,43776.9,44061.75
2023-08-16 09:15:00,43726.25,44002.8,43600.35,43914.9
2023-08-17 09:15:00,43897.25,44071.85,43745.1,43865.65
2023-08-18 09:15:00,43724.75,43957.65,43672.45,43793.2
2023-08-21 09:15:00,43952.85,44113.8,43862.0,43961.35
2023-08-22 09:15:00,44125.0,44151.3,43938.7,43950.4
2023-08-23 09:15:00,44064.5,44521.65,43952.05,44479.9
2023-08-24 09:15:00,44704.2,44949.9,44433.75,44461.1
2023-08-25 09:15:00,44276.2,44359.1,43983.75,44167.95
2023-08-28 09:15:00,44253.65,44610.4,44201.45,44507.75
2023-08-29 09:15:00,44655.75,44673.0,44429.8,44511.65
2023-08-30 09:15:00,44706.55,44779.65,44149.8,44208.8
2023-08-31 09:15:00,44265.85,44399.65,43895.05,44060.75
2023-09-01 09:15:00,43996.1,44568.55,43830.75,44403.7
2023-09-04 09:15:00,44647.65,44656.05,44310.95,44584.25
2023-09-05 09:15:00,44625.05,44668.7,44401.7,44543.85
2023-09-06 09:15:00,44494.65,44577.0,44207.25,44468.55
2023-09-07 09:15:00,44418.05,44915.55,44341.2,44855.55
2023-09-08 09:15:00,44953.65,45383.35,44812.15,45169.55
2023-09-11 09:15:00,45340.8,45630.6,45231.3,45618.95
2023-09-12 09:15:00,45893.8,45893.8,45322.55,45490.1
2023-09-13 09:15:00,45449.35,45990.5,45299.4,45899.6
2023-09-14 09:15:00,46013.3,46153.9,45801.5,45983.65
2023-09-15 09:15:00,46122.15,46310.4,46028.75,46154.05
2023-09-18 09:15:00,46100.95,46252.95,45906.9,45950.7
2023-09-20 09:15:00,45493.7,45745.15,45276.4,45442.65
2023-09-21 09:15:00,45179.6,45275.1,44593.4,44610.2
2023-09-22 09:15:00,44707.35,44996.75,44548.9,44639.95
2023-09-25 09:15:00,44615.0,44936.55,44400.9,44758.4
2023-09-26 09:15:00,44722.5,44773.8,44532.45,44662.45
2023-09-27 09:15:00,44465.9,44668.0,44182.5,44600.75
2023-09-28 09:15:00,44700.35,44756.8,44248.2,44288.2
2023-09-29 09:15:00,44445.35,44755.05,44344.9,44603.15
2023-10-03 09:15:00,44561.5,44566.3,44243.1,44395.3
2023-10-04 09:15:00,44108.15,44161.35,43857.5,43993.3
2023-10-05 09:15:00,44181.35,44391.85,44108.3,44208.25
2023-10-06 09:15:00,44395.4,44500.7,44242.95,44368.05
2023-10-09 09:15:00,44057.8,44113.2,43796.75,43868.5
2023-10-10 09:15:00,44027.55,44487.25,44004.55,44378.4
2023-10-11 09:15:00,44554.9,44710.55,44411.4,44519.85
2023-10-12 09:15:00,44571.55,44693.05,44530.05,44570.85
2023-10-13 09:15:00,44322.05,44563.05,44203.7,44220.5
2023-10-16 09:15:00,44204.75,44356.95,44044.4,44242.55
2023-10-17 09:15:00,44589.8,44589.85,44336.95,44441.3
2023-10-18 09:15:00,44404.2,44412.5,43861.45,43894.45
2023-10-19 09:15:00,43616.75,44058.8,43558.1,43752.45
2023-10-20 09:15:00,43584.25,43877.5,43567.45,43740.65
2023-10-23 09:15:00,43822.7,43831.3,43029.45,43186.0
2023-10-25 09:15:00,43308.3,43397.45,42758.4,42848.15
2023-10-26 09:15:00,42708.4,42716.2,42105.4,42288.15
2023-10-27 09:15:00,42555.6,42840.15,42482.75,42831.25
2023-10-30 09:15:00,42721.4,43112.5,42390.5,43073.6
2023-10-31 09:15:00,43356.85,43356.85,42797.15,42827.75
2023-11-01 09:15:00,42694.25,42815.15,42589.65,42734.15
2023-11-02 09:15:00,43018.7,43271.5,42796.45,43033.5
2023-11-03 09:15:00,43318.3,43416.1,43221.0,43306.95
2023-11-06 09:15:00,43627.75,43648.7,43415.2,43628.0
2023-11-07 09:15:00,43598.85,43799.35,43283.85,43780.15
2023-11-08 09:15:00,43791.8,43787.5,43550.0,43646.6
2023-11-09 09:15:00,43620.2,43874.3,43543.55,43695.9
2023-11-10 09:15:00,43544.35,43903.25,43508.65,43879.9
2023-11-12 18:15:00,44054.9,44054.9,43933.85,43978.7
2023-11-13 09:15:00,43915.1,43970.75,43683.3,43885.45
2023-11-15 09:15:00,44398.45,44408.55,44165.4,44215.25
2023-11-16 09:15:00,44251.7,44420.55,44064.6,44137.55
2023-11-17 09:15:00,43656.25,43869.7,43516.8,43545.35
2023-11-20 09:15:00,43591.5,43723.45,43453.35,43566.45
2023-11-21 09:15:00,43790.95,43790.95,43589.05,43694.95
2023-11-22 09:15:00,43663.6,43692.5,43233.85,43454.6
2023-11-23 09:15:00,43452.75,43649.25,43451.35,43590.4
2023-11-24 09:15:00,43607.35,43805.35,43568.0,43754.6
2023-11-28 09:15:00,43851.55,43959.3,43741.6,43943.95
2023-11-29 09:15:00,44081.75,44628.4,44007.45,44582.8
2023-11-30 09:15:00,44711.2,44762.1,44257.9,44466.3
2023-12-01 09:15:00,44580.15,44948.75,44531.75,44815.7
2023-12-04 09:15:00,45671.5,46483.3,45484.2,46445.4
2023-12-05 09:15:00,46895.9,47226.4,46657.25,46968.95
2023-12-06 09:15:00,47256.75,47258.85,46751.0,46801.85
2023-12-07 09:15:00,46735.4,46925.5,46507.15,46839.4
2023-12-08 09:15:00,46797.2,47301.15,46793.9,47283.75
2023-12-11 09:15:00,47233.3,47588.0,47192.45,47299.7
2023-12-12 09:15:00,47421.7,47454.0,47025.65,47063.8
2023-12-13 09:15:00,47190.75,47201.95,46888.6,47113.3
2023-12-14 09:15:00,47567.65,47942.35,47510.85,47751.4
2023-12-15 09:15:00,47939.9,48207.7,47633.6,48071.65
2023-12-18 09:15:00,48068.5,48073.4,47807.3,47862.05
2023-12-19 09:15:00,47940.4,48016.35,47649.35,47848.45
2023-12-20 09:15:00,48085.35,48163.65,47211.35,47216.5
2023-12-21 09:15:00,47172.45,47929.75,46926.35,47852.7
2023-12-22 09:15:00,47837.75,48069.9,47415.95,47458.75
2023-12-26 09:15:00,47576.4,47835.25,47411.65,47762.5
2023-12-27 09:15:00,47818.5,48346.35,47807.8,48280.55
2023-12-28 09:15:00,48479.05,48631.0,48343.15,48484.2
2023-12-29 09:15:00,48374.85,48477.7,48091.85,48268.9
2024-01-01 09:15:00,48203.45,48450.0,48044.15,48064.3
2024-01-02 09:15:00,48194.8,48223.55,47689.8,47710.55
2024-01-03 09:15:00,47796.3,47798.75,47481.35,47738.55
2024-01-04 09:15:00,47805.4,48281.2,47738.15,48245.8
2024-01-05 09:15:00,48245.55,48381.95,47822.85,48089.15
2024-01-08 09:15:00,48096.65,48154.5,47387.35,47464.0
2024-01-09 09:15:00,47705.4,47939.3,47156.05,47230.95
2024-01-10 09:15:00,47073.85,47423.45,47010.8,47359.35
2024-01-11 09:15:00,47538.6,47662.1,47237.0,47445.95
2024-01-12 09:15:00,47572.7,47873.7,47408.5,47724.65
2024-01-15 09:15:00,47891.05,48248.05,47825.4,48223.6
2024-01-16 09:15:00,48109.95,48305.4,48002.85,48111.7
2024-01-17 09:15:00,46573.95,47212.75,45979.6,46083.5
2024-01-18 09:15:00,45492.75,46184.05,45430.7,45762.0
2024-01-19 09:15:00,46103.5,46249.85,45558.05,45735.8
2024-01-20 09:15:00,45989.25,46183.7,45640.9,46108.8
2024-01-23 09:15:00,46495.45,46580.3,44886.1,45006.35
2024-01-24 09:15:00,44489.4,45485.5,44489.4,45074.7
2024-01-25 09:15:00,45057.95,45139.05,44429.0,44988.5
2024-01-29 09:15:00,45171.5,45660.35,45110.9,45499.05
2024-01-30 09:15:00,45481.5,45678.7,45206.05,45319.55
2024-01-31 09:15:00,45295.65,46179.75,45071.2,45974.0
2024-02-01 09:15:00,46164.9,46306.9,45668.35,46206.9
2024-02-02 09:15:00,46568.2,46892.35,45901.25,45954.65
2024-02-05 09:15:00,45962.25,46048.6,45615.1,45756.65
2024-02-06 09:15:00,45891.2,45932.15,45527.0,45774.45
2024-02-07 09:15:00,45944.6,46062.85,45620.5,45916.4
2024-02-08 09:15:00,45973.85,46181.2,44893.75,45105.45
2024-02-09 09:15:00,44986.75,45717.5,44859.15,45706.55
2024-02-12 09:15:00,45664.3,45748.5,44633.85,44887.75
2024-02-13 09:15:00,45056.8,45750.4,44819.55,45419.85
2024-02-14 09:15:00,45014.65,46170.45,44860.75,45920.55
2024-02-15 09:15:00,46027.1,46297.7,45590.2,46266.0
2024-02-16 09:15:00,46454.3,46693.4,46264.4,46369.75
2024-02-19 09:15:00,46554.9,46717.4,46317.7,46556.1
2024-02-20 09:15:00,46444.9,47136.75,46367.8,47126.65
2024-02-21 09:15:00,47363.4,47363.4,46886.95,46933.6
2024-02-22 09:15:00,46934.55,47024.05,46426.85,46944.85
2024-02-23 09:15:00,47060.7,47245.35,46723.15,46768.6
2024-02-26 09:15:00,46615.85,46893.15,46513.55,46565.6
2024-02-27 09:15:00,46480.2,46722.25,46324.9,46613.85
2024-02-28 09:15:00,46640.9,46754.55,45852.55,45910.55
2024-02-29 09:15:00,45881.45,46329.65,45661.75,46277.0
2024-03-01 09:15:00,46218.0,47342.25,46218.0,47255.95
2024-03-02 09:15:00,47377.45,47438.6,47237.0,47294.6
2024-03-04 09:15:00,47318.5,47529.6,47191.65,47425.65
2024-03-05 09:15:00,47265.7,47737.85,47196.75,47582.15
2024-03-06 09:15:00,47451.65,48161.25,47442.25,47959.85
2024-03-07 09:15:00,48035.8,48071.7,47747.2,47788.0
